state_name,state_name_slug,state_code,state_code_slug,city_name,city_name_slug,district,at_large,vacant,title,party,name,name_slug,first_name,middle_name,last_name,name_suffix,goes_by,pronunciation,gender,ethnicity,date_of_birth,entered_office,term_end,email,phone,latitude,longitude,address_complete,address_number,address_prefix,address_street,address_sec_unit_type,address_sec_unit_num,address_city,address_state,address_zipcode,address_type,population,background_url,city_government_url,city_council_url,city_council_calendar_url,city_council_legislation_url,city_council_committees_url,twitter_handle,twitter_url,facebook_url,photo_url
"New York","new-york","NY","ny","New York","new-york","1","false","false","councilor","democrat","Margaret Chin","margaret-chin","Margaret","Margaret","Chin",,,,"female","asian-american","1954-05-26","2014-01-01","2017-12-31","chin@council.nyc.gov","212-587-3159","40.6643","-73.9385","250 Broadway Suite 1823 New York, NY 10007","250",,"Broadway","Suite","1823","New York","NY","10007",,"8550405","https://cdn.civil.services/city-council/ny/new-york/backgrounds/1280x720/city.jpg","http://www.nycgo.com","http://council.nyc.gov/districts/",,"http://legistar.council.nyc.gov/Legislation.aspx","http://legistar.council.nyc.gov/Departments.aspx","CM_MargaretChin","https://twitter.com/CM_MargaretChin","https://www.facebook.com/councilmembermargaret.chin","https://cdn.civil.services/city-council/ny/new-york/headshots/512x512/margaret-chin.jpg"
"New York","new-york","NY","ny","New York","new-york","2","false","false","councilor","democrat","Rosie Mendez","rosie-mendez","Rosie","Rosie","Mendez",,,,"female","hispanic-american","1963-02-28","2006-01-01","2017-12-31","rmendez@council.nyc.gov","212-677-1077","40.6643","-73.9385","250 Broadway Suite 1823 New York, NY 10007","250",,"Broadway","Suite","1823","New York","NY","10007",,"8550405","https://cdn.civil.services/city-council/ny/new-york/backgrounds/1280x720/city.jpg","http://www.nycgo.com","http://council.nyc.gov/districts/",,"http://legistar.council.nyc.gov/Legislation.aspx","http://legistar.council.nyc.gov/Departments.aspx","RosieMendez","https://twitter.com/RosieMendez","https://www.facebook.com/rosie.mendez","https://cdn.civil.services/city-council/ny/new-york/headshots/512x512/rosie-mendez.jpg"
"New York","new-york","NY","ny","New York","new-york","3","false","false","councilor","democrat","Corey Johnson","corey-johnson","Corey","Corey","Johnson",,,,"male","white-american","1982-04-28","2014-01-01","2017-12-31","district3@council.nyc.gov","212-564-7757","40.6643","-73.9385","250 Broadway Suite 1823 New York, NY 10007","250",,"Broadway","Suite","1823","New York","NY","10007",,"8550405","https://cdn.civil.services/city-council/ny/new-york/backgrounds/1280x720/city.jpg","http://www.nycgo.com","http://council.nyc.gov/districts/",,"http://legistar.council.nyc.gov/Legislation.aspx","http://legistar.council.nyc.gov/Departments.aspx","CoreyinNYC","https://twitter.com/CoreyinNYC","https://www.facebook.com/corey.d.johnson","https://cdn.civil.services/city-council/ny/new-york/headshots/512x512/corey-johnson.jpg"
"New York","new-york","NY","ny","New York","new-york","4","false","false","councilor","democrat","Daniel Garodnick","daniel-garodnick","Daniel","Daniel","Garodnick",,,,"male","white-american","1972-05-04","2014-01-01","2017-12-31","garodnick@council.nyc.gov","212-818-0580","40.6643","-73.9385","250 Broadway Suite 1823 New York, NY 10007","250",,"Broadway","Suite","1823","New York","NY","10007",,"8550405","https://cdn.civil.services/city-council/ny/new-york/backgrounds/1280x720/city.jpg","http://www.nycgo.com","http://council.nyc.gov/districts/",,"http://legistar.council.nyc.gov/Legislation.aspx","http://legistar.council.nyc.gov/Departments.aspx","DanGarodnick","https://twitter.com/DanGarodnick","https://www.facebook.com/DanGarodnick","https://cdn.civil.services/city-council/ny/new-york/headshots/512x512/daniel-garodnick.jpg"
"New York","new-york","NY","ny","New York","new-york","5","false","false","councilor","democrat","Ben Kallos","ben-kallos","Ben","Ben","Kallos",,,,"male","white-american","1981-02-05","2014-01-01","2017-12-31","bkallos@council.nyc.gov","212-860-1950","40.6643","-73.9385","250 Broadway Suite 1823 New York, NY 10007","250",,"Broadway","Suite","1823","New York","NY","10007",,"8550405","https://cdn.civil.services/city-council/ny/new-york/backgrounds/1280x720/city.jpg","http://www.nycgo.com","http://council.nyc.gov/districts/",,"http://legistar.council.nyc.gov/Legislation.aspx","http://legistar.council.nyc.gov/Departments.aspx","kallos","https://twitter.com/kallos","https://www.facebook.com/benkallos","https://cdn.civil.services/city-council/ny/new-york/headshots/512x512/ben-kallos.jpg"
"New York","new-york","NY","ny","New York","new-york","6","false","false","councilor","democrat","Helen Rosenthal","helen-rosenthal","Helen","Helen","Rosenthal",,,,"female","white-american","1960-10-24","2014-01-01","2017-12-31","helen@helenrosenthal.com","212-873-0282","40.6643","-73.9385","250 Broadway Suite 1823 New York, NY 10007","250",,"Broadway","Suite","1823","New York","NY","10007",,"8550405","https://cdn.civil.services/city-council/ny/new-york/backgrounds/1280x720/city.jpg","http://www.nycgo.com","http://council.nyc.gov/districts/",,"http://legistar.council.nyc.gov/Legislation.aspx","http://legistar.council.nyc.gov/Departments.aspx","HelenRosenthal","https://twitter.com/HelenRosenthal","https://www.facebook.com/CouncilMemberHelenRosenthal","https://cdn.civil.services/city-council/ny/new-york/headshots/512x512/helen-rosenthal.jpg"
"New York","new-york","NY","ny","New York","new-york","7","false","false","councilor","democrat","Mark Levine","mark-levine","Mark","Mark","Levine",,,,"male","white-american","1969-04-30","2014-01-01","2017-12-31","district7@council.nyc.gov","212-928-6814","40.6643","-73.9385","250 Broadway Suite 1823 New York, NY 10007","250",,"Broadway","Suite","1823","New York","NY","10007",,"8550405","https://cdn.civil.services/city-council/ny/new-york/backgrounds/1280x720/city.jpg","http://www.nycgo.com","http://council.nyc.gov/districts/",,"http://legistar.council.nyc.gov/Legislation.aspx","http://legistar.council.nyc.gov/Departments.aspx","MarkLevineNYC","https://twitter.com/MarkLevineNYC","https://www.facebook.com/markdlevine","https://cdn.civil.services/city-council/ny/new-york/headshots/512x512/mark-levine.jpg"
"New York","new-york","NY","ny","New York","new-york","8","false","false","councilor","democrat","Melissa  Mark-Viverito","melissa-mark-viverito","Melissa ","Melissa ","Mark-Viverito",,,,"female","white-american","1969-04-01","2014-01-01","2017-12-31","mviverito@council.nyc.gov","212-828-9800","40.6643","-73.9385","250 Broadway Suite 1823 New York, NY 10007","250",,"Broadway","Suite","1823","New York","NY","10007",,"8550405","https://cdn.civil.services/city-council/ny/new-york/backgrounds/1280x720/city.jpg","http://www.nycgo.com","http://council.nyc.gov/districts/",,"http://legistar.council.nyc.gov/Legislation.aspx","http://legistar.council.nyc.gov/Departments.aspx","MMViverito","https://twitter.com/MMViverito","https://www.facebook.com/mmviverito","https://cdn.civil.services/city-council/ny/new-york/headshots/512x512/melissa-mark-viverito.jpg"
"New York","new-york","NY","ny","New York","new-york","9","false","false","councilor","democrat","Bill Perkins","bill-perkins","Bill","Bill","Perkins",,,,"male","african-american",,"2017-03-01","2017-12-31","d09perkins@council.nyc.gov","212-678-4505","40.6643","-73.9385","250 Broadway Suite 1823 New York, NY 10007","250",,"Broadway","Suite","1823","New York","NY","10007",,"8550405","https://cdn.civil.services/city-council/ny/new-york/backgrounds/1280x720/city.jpg","http://www.nycgo.com","http://council.nyc.gov/districts/",,"http://legistar.council.nyc.gov/Legislation.aspx","http://legistar.council.nyc.gov/Departments.aspx","BillPerkinsNYC","https://twitter.com/BillPerkinsNYC",,"https://cdn.civil.services/city-council/ny/new-york/headshots/512x512/bill-perkins.jpg"
"New York","new-york","NY","ny","New York","new-york","10","false","false","councilor","democrat","Ydanis Rodriguez","ydanis-rodriguez","Ydanis","Ydanis","Rodriguez",,,,"male","hispanic-american","1965-06-18","2009-11-24","2017-12-31","yrodriguez@council.nyc.gov","917-521-2616","40.6643","-73.9385","250 Broadway Suite 1823 New York, NY 10007","250",,"Broadway","Suite","1823","New York","NY","10007",,"8550405","https://cdn.civil.services/city-council/ny/new-york/backgrounds/1280x720/city.jpg","http://www.nycgo.com","http://council.nyc.gov/districts/",,"http://legistar.council.nyc.gov/Legislation.aspx","http://legistar.council.nyc.gov/Departments.aspx","ydanis","https://twitter.com/ydanis","https://www.facebook.com/ydanis.rodriguez.1","https://cdn.civil.services/city-council/ny/new-york/headshots/512x512/ydanis-rodriguez.jpg"
"New York","new-york","NY","ny","New York","new-york","11","false","false","councilor","democrat","Andrew Cohen","andrew-cohen","Andrew","Andrew","Cohen",,,,"male","white-american","1969-08-09","2014-01-01","2017-12-31","district11@council.nyc.gov","718-549-7300","40.6643","-73.9385","250 Broadway Suite 1823 New York, NY 10007","250",,"Broadway","Suite","1823","New York","NY","10007",,"8550405","https://cdn.civil.services/city-council/ny/new-york/backgrounds/1280x720/city.jpg","http://www.nycgo.com","http://council.nyc.gov/districts/",,"http://legistar.council.nyc.gov/Legislation.aspx","http://legistar.council.nyc.gov/Departments.aspx","AndrewCohenNYC","https://twitter.com/AndrewCohenNYC","https://www.facebook.com/Council-Member-Andrew-Cohen-402337503202703","https://cdn.civil.services/city-council/ny/new-york/headshots/512x512/andrew-cohen.jpg"
"New York","new-york","NY","ny","New York","new-york","12","false","false","councilor","democrat","Andy King","andy-king","Andy","Andy","King",,,,"male","african-american",,"2012-11-07","2017-12-31","andy.king@council.nyc.gov","718-684-5509","40.6643","-73.9385","250 Broadway Suite 1823 New York, NY 10007","250",,"Broadway","Suite","1823","New York","NY","10007",,"8550405","https://cdn.civil.services/city-council/ny/new-york/backgrounds/1280x720/city.jpg","http://www.nycgo.com","http://council.nyc.gov/districts/",,"http://legistar.council.nyc.gov/Legislation.aspx","http://legistar.council.nyc.gov/Departments.aspx","AndyKingNYC","https://twitter.com/AndyKingNYC","https://www.facebook.com/New-York-City-Council-Member-Andy-L-King-116867358490208","https://cdn.civil.services/city-council/ny/new-york/headshots/512x512/andy-king.jpg"
"New York","new-york","NY","ny","New York","new-york","13","false","false","councilor","democrat","James Vacca","james-vacca","James","James","Vacca",,,,"male","white-american","1955-08-23","2014-01-01","2017-12-31","jvacca@council.nyc.gov","718-931-1721","40.6643","-73.9385","250 Broadway Suite 1823 New York, NY 10007","250",,"Broadway","Suite","1823","New York","NY","10007",,"8550405","https://cdn.civil.services/city-council/ny/new-york/backgrounds/1280x720/city.jpg","http://www.nycgo.com","http://council.nyc.gov/districts/",,"http://legistar.council.nyc.gov/Legislation.aspx","http://legistar.council.nyc.gov/Departments.aspx","jamesvacca13","https://twitter.com/jamesvacca13","https://www.facebook.com/CouncilMemberJamesVacca","https://cdn.civil.services/city-council/ny/new-york/headshots/512x512/james-vacca.jpg"
"New York","new-york","NY","ny","New York","new-york","14","false","false","councilor","democrat","Fernando Cabrera","fernando-cabrera","Fernando","Fernando","Cabrera",,,,"male","hispanic-american","1964-04-18","2010-01-01","2017-12-31","fcabrera@council.nyc.gov","347-590-2874","40.6643","-73.9385","250 Broadway Suite 1823 New York, NY 10007","250",,"Broadway","Suite","1823","New York","NY","10007",,"8550405","https://cdn.civil.services/city-council/ny/new-york/backgrounds/1280x720/city.jpg","http://www.nycgo.com","http://council.nyc.gov/districts/",,"http://legistar.council.nyc.gov/Legislation.aspx","http://legistar.council.nyc.gov/Departments.aspx","FCabreraNY","https://twitter.com/FCabreraNY","https://www.facebook.com/councilmembercabrera","https://cdn.civil.services/city-council/ny/new-york/headshots/512x512/fernando-cabrera.jpg"
"New York","new-york","NY","ny","New York","new-york","15","false","false","deputy-leader","democrat","Ritchie Torres","ritchie-torres","Ritchie","Ritchie","Torres",,,,"male","african-american","1988-03-12","2014-01-01","2017-12-31","rtorres@council.nyc.gov","718-842-8100","40.6643","-73.9385","250 Broadway Suite 1823 New York, NY 10007","250",,"Broadway","Suite","1823","New York","NY","10007",,"8550405","https://cdn.civil.services/city-council/ny/new-york/backgrounds/1280x720/city.jpg","http://www.nycgo.com","http://council.nyc.gov/districts/",,"http://legistar.council.nyc.gov/Legislation.aspx","http://legistar.council.nyc.gov/Departments.aspx","ritchietorres","https://twitter.com/ritchietorres","https://www.facebook.com/RitchieTorresNYC","https://cdn.civil.services/city-council/ny/new-york/headshots/512x512/ritchie-torres.jpg"
"New York","new-york","NY","ny","New York","new-york","16","false","false","councilor","democrat","Vanessa Gibson","vanessa-gibson","Vanessa","Vanessa","Gibson",,,,"female","african-american","1979-03-19","2009-06-02","2017-12-31","district16bronx@council.nyc.gov","718-588-7500","40.6643","-73.9385","250 Broadway Suite 1823 New York, NY 10007","250",,"Broadway","Suite","1823","New York","NY","10007",,"8550405","https://cdn.civil.services/city-council/ny/new-york/backgrounds/1280x720/city.jpg","http://www.nycgo.com","http://council.nyc.gov/districts/",,"http://legistar.council.nyc.gov/Legislation.aspx","http://legistar.council.nyc.gov/Departments.aspx","Vanessalgibson","https://twitter.com/Vanessalgibson","https://www.facebook.com/VanessaGibsonNYC","https://cdn.civil.services/city-council/ny/new-york/headshots/512x512/vanessa-gibson.jpg"
"New York","new-york","NY","ny","New York","new-york","17","false","false","councilor","democrat","Rafael Salamanca","rafael-salamanca","Rafael","Rafael","Salamanca",,,,"male","hispanic-american","1980-07-02","2016-03-08","2017-12-31","salamanca@council.nyc.gov","718-402-6130","40.6643","-73.9385","250 Broadway Suite 1823 New York, NY 10007","250",,"Broadway","Suite","1823","New York","NY","10007",,"8550405","https://cdn.civil.services/city-council/ny/new-york/backgrounds/1280x720/city.jpg","http://www.nycgo.com","http://council.nyc.gov/districts/",,"http://legistar.council.nyc.gov/Legislation.aspx","http://legistar.council.nyc.gov/Departments.aspx","salamancajr80","https://twitter.com/salamancajr80","https://www.facebook.com/rafael.salamanca.501","https://cdn.civil.services/city-council/ny/new-york/headshots/512x512/rafael-salamanca.jpg"
"New York","new-york","NY","ny","New York","new-york","18","false","false","councilor","democrat","Annabel Palma","annabel-palma","Annabel","Annabel","Palma",,,,"female","african-american",,"2004-01-01","2017-12-31","apalma@council.nyc.gov","718-792-1140","40.6643","-73.9385","250 Broadway Suite 1823 New York, NY 10007","250",,"Broadway","Suite","1823","New York","NY","10007",,"8550405","https://cdn.civil.services/city-council/ny/new-york/backgrounds/1280x720/city.jpg","http://www.nycgo.com","http://council.nyc.gov/districts/",,"http://legistar.council.nyc.gov/Legislation.aspx","http://legistar.council.nyc.gov/Departments.aspx","palmaannabel","https://twitter.com/palmaannabel","https://www.facebook.com/annabel.palma","https://cdn.civil.services/city-council/ny/new-york/headshots/512x512/annabel-palma.jpg"
"New York","new-york","NY","ny","New York","new-york","19","false","false","councilor","democrat","Paul Vallone","paul-vallone","Paul","Paul","Vallone",,,,"male","white-american","1967-06-02","2014-01-01","2017-12-31","district19@council.nyc.gov","718-619-8611","40.6643","-73.9385","250 Broadway Suite 1823 New York, NY 10007","250",,"Broadway","Suite","1823","New York","NY","10007",,"8550405","https://cdn.civil.services/city-council/ny/new-york/backgrounds/1280x720/city.jpg","http://www.nycgo.com","http://council.nyc.gov/districts/",,"http://legistar.council.nyc.gov/Legislation.aspx","http://legistar.council.nyc.gov/Departments.aspx","PaulVallone","https://twitter.com/PaulVallone","https://www.facebook.com/CouncilMemberPaulVallone","https://cdn.civil.services/city-council/ny/new-york/headshots/512x512/paul-vallone.jpg"
"New York","new-york","NY","ny","New York","new-york","20","false","false","councilor","democrat","Peter Koo","peter-koo","Peter","Peter","Koo",,,,"male","asian-american","1952-01-12","2010-01-01","2017-12-31","pkoo@council.nyc.gov","718-888-8747","40.6643","-73.9385","250 Broadway Suite 1823 New York, NY 10007","250",,"Broadway","Suite","1823","New York","NY","10007",,"8550405","https://cdn.civil.services/city-council/ny/new-york/backgrounds/1280x720/city.jpg","http://www.nycgo.com","http://council.nyc.gov/districts/",,"http://legistar.council.nyc.gov/Legislation.aspx","http://legistar.council.nyc.gov/Departments.aspx","cmpeterkoo","https://twitter.com/cmpeterkoo","https://www.facebook.com/Peter-Koo-207749175523","https://cdn.civil.services/city-council/ny/new-york/headshots/512x512/peter-koo.jpg"
"New York","new-york","NY","ny","New York","new-york","21","false","false","councilor","democrat","Julissa  Ferreras-Copeland","julissa-ferreras-copeland","Julissa ","Julissa ","Ferreras-Copeland",,,,"female","african-american","1976-11-02","2009-02-24","2017-12-31","cd21invites@council.nyc.gov","718-651-1917","40.6643","-73.9385","250 Broadway Suite 1823 New York, NY 10007","250",,"Broadway","Suite","1823","New York","NY","10007",,"8550405","https://cdn.civil.services/city-council/ny/new-york/backgrounds/1280x720/city.jpg","http://www.nycgo.com","http://council.nyc.gov/districts/",,"http://legistar.council.nyc.gov/Legislation.aspx","http://legistar.council.nyc.gov/Departments.aspx","JulissaFerreras","https://twitter.com/JulissaFerreras","https://www.facebook.com/Julissa.Ferreras","https://cdn.civil.services/city-council/ny/new-york/headshots/512x512/julissa-ferreras-copeland.jpg"
"New York","new-york","NY","ny","New York","new-york","22","false","false","councilor","democrat","Costa Constantinides","costa-constantinides","Costa","Costa","Constantinides",,,,"male","hispanic-american","1975-01-07","2014-01-01","2017-12-31","costa@council.nyc.gov","718-274-4500","40.6643","-73.9385","250 Broadway Suite 1823 New York, NY 10007","250",,"Broadway","Suite","1823","New York","NY","10007",,"8550405","https://cdn.civil.services/city-council/ny/new-york/backgrounds/1280x720/city.jpg","http://www.nycgo.com","http://council.nyc.gov/districts/",,"http://legistar.council.nyc.gov/Legislation.aspx","http://legistar.council.nyc.gov/Departments.aspx","Costa4NY","https://twitter.com/Costa4NY","https://www.facebook.com/costaforastoria","https://cdn.civil.services/city-council/ny/new-york/headshots/512x512/costa-constantinides.jpg"
"New York","new-york","NY","ny","New York","new-york","23","false","false","councilor","democrat","Barry Grodenchik","barry-grodenchik","Barry","Barry","Grodenchik",,,,"male","white-american","1960-02-12","2015-11-24","2017-12-31","m23@council.nyc.gov","718-468-0137","40.6643","-73.9385","250 Broadway Suite 1823 New York, NY 10007","250",,"Broadway","Suite","1823","New York","NY","10007",,"8550405","https://cdn.civil.services/city-council/ny/new-york/backgrounds/1280x720/city.jpg","http://www.nycgo.com","http://council.nyc.gov/districts/",,"http://legistar.council.nyc.gov/Legislation.aspx","http://legistar.council.nyc.gov/Departments.aspx","barrygrodenchik","https://twitter.com/barrygrodenchik","https://www.facebook.com/bgrodenchik","https://cdn.civil.services/city-council/ny/new-york/headshots/512x512/barry-grodenchik.jpg"
"New York","new-york","NY","ny","New York","new-york","24","false","false","councilor","democrat","Rory Lancman","rory-lancman","Rory","Rory","Lancman",,,,"male","white-american","1969-03-01","2014-01-01","2017-12-31","rlancman@council.nyc.gov","718-217-4969","40.6643","-73.9385","250 Broadway Suite 1823 New York, NY 10007","250",,"Broadway","Suite","1823","New York","NY","10007",,"8550405","https://cdn.civil.services/city-council/ny/new-york/backgrounds/1280x720/city.jpg","http://www.nycgo.com","http://council.nyc.gov/districts/",,"http://legistar.council.nyc.gov/Legislation.aspx","http://legistar.council.nyc.gov/Departments.aspx","RoryLancman","https://twitter.com/RoryLancman","https://www.facebook.com/RoryLancman","https://cdn.civil.services/city-council/ny/new-york/headshots/512x512/rory-lancman.jpg"
"New York","new-york","NY","ny","New York","new-york","25","false","false","councilor","democrat","Daniel Dromm","daniel-dromm","Daniel","Daniel","Dromm",,,,"male","white-american",,"2010-01-01","2017-12-31","ddromm@council.nyc.gov","718-803-6373","40.6643","-73.9385","250 Broadway Suite 1823 New York, NY 10007","250",,"Broadway","Suite","1823","New York","NY","10007",,"8550405","https://cdn.civil.services/city-council/ny/new-york/backgrounds/1280x720/city.jpg","http://www.nycgo.com","http://council.nyc.gov/districts/",,"http://legistar.council.nyc.gov/Legislation.aspx","http://legistar.council.nyc.gov/Departments.aspx","dromm25","https://twitter.com/dromm25","https://www.facebook.com/Daniel-Dromm-18241697139","https://cdn.civil.services/city-council/ny/new-york/headshots/512x512/daniel-dromm.jpg"
"New York","new-york","NY","ny","New York","new-york","26","false","false","majority-leader","democrat","Jimmy Van Bramer","jimmy-van-bramer","Jimmy","Jimmy","Van Bramer",,,,"male","white-american","1969-08-19","2010-01-01","2017-12-31","jvanbramer@council.nyc.gov","718-383-9566","40.6643","-73.9385","250 Broadway Suite 1823 New York, NY 10007","250",,"Broadway","Suite","1823","New York","NY","10007",,"8550405","https://cdn.civil.services/city-council/ny/new-york/backgrounds/1280x720/city.jpg","http://www.nycgo.com","http://council.nyc.gov/districts/",,"http://legistar.council.nyc.gov/Legislation.aspx","http://legistar.council.nyc.gov/Departments.aspx","JimmyVanBramer","https://twitter.com/JimmyVanBramer","https://www.facebook.com/Jimmy-Van-Bramer-125696285699","https://cdn.civil.services/city-council/ny/new-york/headshots/512x512/jimmy-van-bramer.jpg"
"New York","new-york","NY","ny","New York","new-york","27","false","false","councilor","democrat","Daneek Miller","daneek-miller","Daneek","Daneek","Miller",,,,"male","african-american","1960-11-06","2014-01-01","2017-12-31","district27@council.nyc.gov","718-776-3700","40.6643","-73.9385","250 Broadway Suite 1823 New York, NY 10007","250",,"Broadway","Suite","1823","New York","NY","10007",,"8550405","https://cdn.civil.services/city-council/ny/new-york/backgrounds/1280x720/city.jpg","http://www.nycgo.com","http://council.nyc.gov/districts/",,"http://legistar.council.nyc.gov/Legislation.aspx","http://legistar.council.nyc.gov/Departments.aspx","IDaneekMiller","https://twitter.com/IDaneekMiller","https://www.facebook.com/daneek.miller","https://cdn.civil.services/city-council/ny/new-york/headshots/512x512/daneek-miller.jpg"
"New York","new-york","NY","ny","New York","new-york","28","false","false","councilor","democrat","Ruben Wills","ruben-wills","Ruben","Ruben","Wills",,,,"male","african-american",,"2011-01-01","2017-12-31","rw@council.nyv.gov","718-206-2068","40.6643","-73.9385","250 Broadway Suite 1823 New York, NY 10007","250",,"Broadway","Suite","1823","New York","NY","10007",,"8550405","https://cdn.civil.services/city-council/ny/new-york/backgrounds/1280x720/city.jpg","http://www.nycgo.com","http://council.nyc.gov/districts/",,"http://legistar.council.nyc.gov/Legislation.aspx","http://legistar.council.nyc.gov/Departments.aspx","CM_RubenWills","https://twitter.com/CM_RubenWills","https://www.facebook.com/CouncilMemberRubenWills","https://cdn.civil.services/city-council/ny/new-york/headshots/512x512/ruben-wills.jpg"
"New York","new-york","NY","ny","New York","new-york","29","false","false","councilor","democrat","Karen Koslowitz","karen-koslowitz","Karen","Karen","Koslowitz",,,,"female","white-american",,"2010-01-01","2017-12-31","koslowitz@council.nyc.gov","718-544-8800","40.6643","-73.9385","250 Broadway Suite 1823 New York, NY 10007","250",,"Broadway","Suite","1823","New York","NY","10007",,"8550405","https://cdn.civil.services/city-council/ny/new-york/backgrounds/1280x720/city.jpg","http://www.nycgo.com","http://council.nyc.gov/districts/",,"http://legistar.council.nyc.gov/Legislation.aspx","http://legistar.council.nyc.gov/Departments.aspx","cmkoslowitz","https://twitter.com/cmkoslowitz","https://www.facebook.com/Karen-Koslowitz-119475124337","https://cdn.civil.services/city-council/ny/new-york/headshots/512x512/karen-koslowitz.jpg"
"New York","new-york","NY","ny","New York","new-york","30","false","false","councilor","democrat","Elizabeth Crowley","elizabeth-crowley","Elizabeth","Elizabeth","Crowley",,,,"female","white-american","1977-11-27","2009-01-01","2017-12-31","ecrowley@council.nyc.gov","718-366-3900","40.6643","-73.9385","250 Broadway Suite 1823 New York, NY 10007","250",,"Broadway","Suite","1823","New York","NY","10007",,"8550405","https://cdn.civil.services/city-council/ny/new-york/backgrounds/1280x720/city.jpg","http://www.nycgo.com","http://council.nyc.gov/districts/",,"http://legistar.council.nyc.gov/Legislation.aspx","http://legistar.council.nyc.gov/Departments.aspx","elizcrowleynyc","https://twitter.com/elizcrowleynyc","https://www.facebook.com/elizcrowleynyc","https://cdn.civil.services/city-council/ny/new-york/headshots/512x512/elizabeth-crowley.jpg"
"New York","new-york","NY","ny","New York","new-york","31","false","false","councilor","democrat","Donovan Richards","donovan-richards","Donovan","Donovan","Richards",,,,"male","african-american",,"2013-02-20","2017-12-31","drichards@council.nyc.gov","718-471-7014","40.6643","-73.9385","250 Broadway Suite 1823 New York, NY 10007","250",,"Broadway","Suite","1823","New York","NY","10007",,"8550405","https://cdn.civil.services/city-council/ny/new-york/backgrounds/1280x720/city.jpg","http://www.nycgo.com","http://council.nyc.gov/districts/",,"http://legistar.council.nyc.gov/Legislation.aspx","http://legistar.council.nyc.gov/Departments.aspx","DRichards13","https://twitter.com/DRichards13","https://www.facebook.com/drichardsnyccouncil","https://cdn.civil.services/city-council/ny/new-york/headshots/512x512/donovan-richards.jpg"
"New York","new-york","NY","ny","New York","new-york","32","false","false","councilor","republican","Eric Ulrich","eric-ulrich","Eric","Eric","Ulrich",,,,"male","white-american","1985-02-13","2009-02-24","2017-12-31","eulrich@council.nyc.gov","718-738-1083","40.6643","-73.9385","250 Broadway Suite 1823 New York, NY 10007","250",,"Broadway","Suite","1823","New York","NY","10007",,"8550405","https://cdn.civil.services/city-council/ny/new-york/backgrounds/1280x720/city.jpg","http://www.nycgo.com","http://council.nyc.gov/districts/",,"http://legistar.council.nyc.gov/Legislation.aspx","http://legistar.council.nyc.gov/Departments.aspx","eric_ulrich","https://twitter.com/eric_ulrich","https://www.facebook.com/ericulrich32","https://cdn.civil.services/city-council/ny/new-york/headshots/512x512/eric-ulrich.jpg"
"New York","new-york","NY","ny","New York","new-york","33","false","false","councilor","democrat","Stephen Levin","stephen-levin","Stephen","Stephen","Levin",,,,"male","white-american","1981-12-03","2010-01-01","2017-12-31","slevin@council.nyc.gov","718-875-5200","40.6643","-73.9385","250 Broadway Suite 1823 New York, NY 10007","250",,"Broadway","Suite","1823","New York","NY","10007",,"8550405","https://cdn.civil.services/city-council/ny/new-york/backgrounds/1280x720/city.jpg","http://www.nycgo.com","http://council.nyc.gov/districts/",,"http://legistar.council.nyc.gov/Legislation.aspx","http://legistar.council.nyc.gov/Departments.aspx","StephenLevin33","https://twitter.com/StephenLevin33","https://www.facebook.com/stephen.levin1","https://cdn.civil.services/city-council/ny/new-york/headshots/512x512/stephen-levin.jpg"
"New York","new-york","NY","ny","New York","new-york","34","false","false","councilor","democrat","Antonio Reynoso","antonio-reynoso","Antonio","Antonio","Reynoso",,,,"male","african-american","1983-05-09","2014-01-01","2017-12-31","areynoso@council.nyc.gov","718-963-3141","40.6643","-73.9385","250 Broadway Suite 1823 New York, NY 10007","250",,"Broadway","Suite","1823","New York","NY","10007",,"8550405","https://cdn.civil.services/city-council/ny/new-york/backgrounds/1280x720/city.jpg","http://www.nycgo.com","http://council.nyc.gov/districts/",,"http://legistar.council.nyc.gov/Legislation.aspx","http://legistar.council.nyc.gov/Departments.aspx","CMReynoso34","https://twitter.com/CMReynoso34","https://www.facebook.com/Antonio4Council","https://cdn.civil.services/city-council/ny/new-york/headshots/512x512/antonio-reynoso.jpg"
"New York","new-york","NY","ny","New York","new-york","35","false","false","councilor","democrat","Laurie Cumbo","laurie-cumbo","Laurie","Laurie","Cumbo",,,,"female","african-american","1975-02-21","2014-01-01","2017-12-31","lcumbo@council.nyc.gov","718-260-9191","40.6643","-73.9385","250 Broadway Suite 1823 New York, NY 10007","250",,"Broadway","Suite","1823","New York","NY","10007",,"8550405","https://cdn.civil.services/city-council/ny/new-york/backgrounds/1280x720/city.jpg","http://www.nycgo.com","http://council.nyc.gov/districts/",,"http://legistar.council.nyc.gov/Legislation.aspx","http://legistar.council.nyc.gov/Departments.aspx","cmlauriecumbo","https://twitter.com/cmlauriecumbo","https://www.facebook.com/CMLaurieCumbo","https://cdn.civil.services/city-council/ny/new-york/headshots/512x512/laurie-cumbo.jpg"
"New York","new-york","NY","ny","New York","new-york","36","false","false","councilor","democrat","Robert Cornegy","robert-cornegy","Robert","Robert","Cornegy",,,,"male","african-american",,"2014-01-01","2017-12-31","rcornegy@council.nyc.gov","718-919-0740","40.6643","-73.9385","250 Broadway Suite 1823 New York, NY 10007","250",,"Broadway","Suite","1823","New York","NY","10007",,"8550405","https://cdn.civil.services/city-council/ny/new-york/backgrounds/1280x720/city.jpg","http://www.nycgo.com","http://council.nyc.gov/districts/",,"http://legistar.council.nyc.gov/Legislation.aspx","http://legistar.council.nyc.gov/Departments.aspx","RobertCornegyJr","https://twitter.com/RobertCornegyJr","https://www.facebook.com/CouncilMemberRobertCornegy","https://cdn.civil.services/city-council/ny/new-york/headshots/512x512/robert-cornegy.jpg"
"New York","new-york","NY","ny","New York","new-york","37","false","false","councilor","democrat","Rafael Espinal","rafael-espinal","Rafael","Rafael","Espinal",,,,"male","white-american",,"2014-01-01","2017-12-31","respinal@council.nyc.gov","718-642-8664","40.6643","-73.9385","250 Broadway Suite 1823 New York, NY 10007","250",,"Broadway","Suite","1823","New York","NY","10007",,"8550405","https://cdn.civil.services/city-council/ny/new-york/backgrounds/1280x720/city.jpg","http://www.nycgo.com","http://council.nyc.gov/districts/",,"http://legistar.council.nyc.gov/Legislation.aspx","http://legistar.council.nyc.gov/Departments.aspx","rlespinal","https://twitter.com/rlespinal","https://www.facebook.com/RafaelLEspinaljr","https://cdn.civil.services/city-council/ny/new-york/headshots/512x512/rafael-espinal.jpg"
"New York","new-york","NY","ny","New York","new-york","38","false","false","councilor","democrat","Carlos Menchaca","carlos-menchaca","Carlos","Carlos","Menchaca",,,,"male","hispanic-american","1980-09-11","2014-01-01","2017-12-31","info38@council.nyc.gov","718-439-9012","40.6643","-73.9385","250 Broadway Suite 1823 New York, NY 10007","250",,"Broadway","Suite","1823","New York","NY","10007",,"8550405","https://cdn.civil.services/city-council/ny/new-york/backgrounds/1280x720/city.jpg","http://www.nycgo.com","http://council.nyc.gov/districts/",,"http://legistar.council.nyc.gov/Legislation.aspx","http://legistar.council.nyc.gov/Departments.aspx","cmenchaca","https://twitter.com/cmenchaca","https://www.facebook.com/Menchaca.Carlos.Jr","https://cdn.civil.services/city-council/ny/new-york/headshots/512x512/carlos-menchaca.jpg"
"New York","new-york","NY","ny","New York","new-york","39","false","false","councilor","democrat","Brad Lander","brad-lander","Brad","Brad","Lander",,,,"male","white-american",,"2010-01-01","2017-12-31","lander@council.nyc.gov","718-499-1090","40.6643","-73.9385","250 Broadway Suite 1823 New York, NY 10007","250",,"Broadway","Suite","1823","New York","NY","10007",,"8550405","https://cdn.civil.services/city-council/ny/new-york/backgrounds/1280x720/city.jpg","http://www.nycgo.com","http://council.nyc.gov/districts/",,"http://legistar.council.nyc.gov/Legislation.aspx","http://legistar.council.nyc.gov/Departments.aspx","bradlander","https://twitter.com/bradlander","https://www.facebook.com/BradLander","https://cdn.civil.services/city-council/ny/new-york/headshots/512x512/brad-lander.jpg"
"New York","new-york","NY","ny","New York","new-york","40","false","false","councilor","democrat","Mathieu Eugene","mathieu-eugene","Mathieu","Mathieu","Eugene",,,,"male","african-american","1954-04-01","2007-05-09","2017-12-31","mathieu.eugene@council.nyc.gov","718-287-8762","40.6643","-73.9385","250 Broadway Suite 1823 New York, NY 10007","250",,"Broadway","Suite","1823","New York","NY","10007",,"8550405","https://cdn.civil.services/city-council/ny/new-york/backgrounds/1280x720/city.jpg","http://www.nycgo.com","http://council.nyc.gov/districts/",,"http://legistar.council.nyc.gov/Legislation.aspx","http://legistar.council.nyc.gov/Departments.aspx","CMMathieuEugene","https://twitter.com/CMMathieuEugene","https://www.facebook.com/mathieu.eugene.50","https://cdn.civil.services/city-council/ny/new-york/headshots/512x512/mathieu-eugene.jpg"
"New York","new-york","NY","ny","New York","new-york","41","false","false","councilor","democrat","Darlene Mealy","darlene-mealy","Darlene","Darlene","Mealy",,,,"female","african-american",,"2006-01-01","2017-12-31","mealy@council.nyc.gov","718-953-3097","40.6643","-73.9385","250 Broadway Suite 1823 New York, NY 10007","250",,"Broadway","Suite","1823","New York","NY","10007",,"8550405","https://cdn.civil.services/city-council/ny/new-york/backgrounds/1280x720/city.jpg","http://www.nycgo.com","http://council.nyc.gov/districts/",,"http://legistar.council.nyc.gov/Legislation.aspx","http://legistar.council.nyc.gov/Departments.aspx","cmdarlenemealy","https://twitter.com/cmdarlenemealy","https://www.facebook.com/CityCouncilwomanDarleneMealy","https://cdn.civil.services/city-council/ny/new-york/headshots/512x512/darlene-mealy.jpg"
"New York","new-york","NY","ny","New York","new-york","42","false","false","councilor","democrat","Inez Barron","inez-barron","Inez","Inez","Barron",,,,"female","african-american",,"2014-01-01","2017-12-31","barron@council.nyc.gov","718-649-9495","40.6643","-73.9385","250 Broadway Suite 1823 New York, NY 10007","250",,"Broadway","Suite","1823","New York","NY","10007",,"8550405","https://cdn.civil.services/city-council/ny/new-york/backgrounds/1280x720/city.jpg","http://www.nycgo.com","http://council.nyc.gov/districts/",,"http://legistar.council.nyc.gov/Legislation.aspx","http://legistar.council.nyc.gov/Departments.aspx",,,,"https://cdn.civil.services/city-council/ny/new-york/headshots/512x512/inez-barron.jpg"
"New York","new-york","NY","ny","New York","new-york","43","false","false","councilor","democrat","Vincent Gentile","vincent-gentile","Vincent","Vincent","Gentile",,,,"male","white-american","1959-01-03","2003-03-18","2017-12-31","vgentile@council.nyc.gov","718-748-5200","40.6643","-73.9385","250 Broadway Suite 1823 New York, NY 10007","250",,"Broadway","Suite","1823","New York","NY","10007",,"8550405","https://cdn.civil.services/city-council/ny/new-york/backgrounds/1280x720/city.jpg","http://www.nycgo.com","http://council.nyc.gov/districts/",,"http://legistar.council.nyc.gov/Legislation.aspx","http://legistar.council.nyc.gov/Departments.aspx","VGentile43","https://twitter.com/VGentile43","https://www.facebook.com/CouncilmanGentile","https://cdn.civil.services/city-council/ny/new-york/headshots/512x512/vincent-gentile.jpg"
"New York","new-york","NY","ny","New York","new-york","44","false","false","councilor","democrat","David Greenfield","david-greenfield","David","David","Greenfield",,,,"male","white-american",,"2010-03-25","2017-12-31","dgreenfield@council.nyc.gov","718-853-2704","40.6643","-73.9385","250 Broadway Suite 1823 New York, NY 10007","250",,"Broadway","Suite","1823","New York","NY","10007",,"8550405","https://cdn.civil.services/city-council/ny/new-york/backgrounds/1280x720/city.jpg","http://www.nycgo.com","http://council.nyc.gov/districts/",,"http://legistar.council.nyc.gov/Legislation.aspx","http://legistar.council.nyc.gov/Departments.aspx","NYCGreenfield","https://twitter.com/NYCGreenfield","https://www.facebook.com/david.g.greenfield","https://cdn.civil.services/city-council/ny/new-york/headshots/512x512/david-greenfield.jpg"
"New York","new-york","NY","ny","New York","new-york","45","false","false","councilor","democrat","Jumaane Williams","jumaane-williams","Jumaane","Jumaane","Williams",,,,"male","african-american","1976-05-11","2010-01-01","2017-12-31","jwilliams@council.nyc.gov","718-629-2900","40.6643","-73.9385","250 Broadway Suite 1823 New York, NY 10007","250",,"Broadway","Suite","1823","New York","NY","10007",,"8550405","https://cdn.civil.services/city-council/ny/new-york/backgrounds/1280x720/city.jpg","http://www.nycgo.com","http://council.nyc.gov/districts/",,"http://legistar.council.nyc.gov/Legislation.aspx","http://legistar.council.nyc.gov/Departments.aspx","JumaaneWilliams","https://twitter.com/JumaaneWilliams","https://www.facebook.com/jumaane.williamscouncil","https://cdn.civil.services/city-council/ny/new-york/headshots/512x512/jumaane-williams.jpg"
"New York","new-york","NY","ny","New York","new-york","46","false","false","councilor","democrat","Alan Maisel","alan-maisel","Alan","Alan","Maisel",,,,"male","white-american","1945-07-25","2014-01-01","2017-12-31","amaisel@council.nyc.gov","718-241-9330","40.6643","-73.9385","250 Broadway Suite 1823 New York, NY 10007","250",,"Broadway","Suite","1823","New York","NY","10007",,"8550405","https://cdn.civil.services/city-council/ny/new-york/backgrounds/1280x720/city.jpg","http://www.nycgo.com","http://council.nyc.gov/districts/",,"http://legistar.council.nyc.gov/Legislation.aspx","http://legistar.council.nyc.gov/Departments.aspx",,,"https://www.facebook.com/Alan-Maisel-101012230083901","https://cdn.civil.services/city-council/ny/new-york/headshots/512x512/alan-maisel.jpg"
"New York","new-york","NY","ny","New York","new-york","47","false","false","councilor","democrat","Mark Treyger","mark-treyger","Mark","Mark","Treyger",,,,"male","white-american","1982-04-15","2014-01-01","2017-12-31","mtreyger@council.nyc.gov","718-373-9673","40.6643","-73.9385","250 Broadway Suite 1823 New York, NY 10007","250",,"Broadway","Suite","1823","New York","NY","10007",,"8550405","https://cdn.civil.services/city-council/ny/new-york/backgrounds/1280x720/city.jpg","http://www.nycgo.com","http://council.nyc.gov/districts/",,"http://legistar.council.nyc.gov/Legislation.aspx","http://legistar.council.nyc.gov/Departments.aspx","marktreyger718","https://twitter.com/marktreyger718","https://www.facebook.com/CouncilMemberTreyger","https://cdn.civil.services/city-council/ny/new-york/headshots/512x512/mark-treyger.jpg"
"New York","new-york","NY","ny","New York","new-york","48","false","false","councilor","democrat","Chaim Deutsch","chaim-deutsch","Chaim","Chaim","Deutsch",,,,"male","white-american","1969-04-15","2014-01-01","2017-12-31","cdeutsch@council.nyc.gov","718-368-9176","40.6643","-73.9385","250 Broadway Suite 1823 New York, NY 10007","250",,"Broadway","Suite","1823","New York","NY","10007",,"8550405","https://cdn.civil.services/city-council/ny/new-york/backgrounds/1280x720/city.jpg","http://www.nycgo.com","http://council.nyc.gov/districts/",,"http://legistar.council.nyc.gov/Legislation.aspx","http://legistar.council.nyc.gov/Departments.aspx","ChaimDeutsch","https://twitter.com/ChaimDeutsch","https://www.facebook.com/people/Councilman-Chaim-Deutsch/100004765095752","https://cdn.civil.services/city-council/ny/new-york/headshots/512x512/chaim-deutsch.jpg"
"New York","new-york","NY","ny","New York","new-york","49","false","false","deputy-majority-leader","democrat","Deborah Rose","deborah-rose","Deborah","Deborah","Rose",,,,"female","african-american",,"2010-01-01","2017-12-31","drose@council.nyc.gov","718-556-7370","40.6643","-73.9385","250 Broadway Suite 1823 New York, NY 10007","250",,"Broadway","Suite","1823","New York","NY","10007",,"8550405","https://cdn.civil.services/city-council/ny/new-york/backgrounds/1280x720/city.jpg","http://www.nycgo.com","http://council.nyc.gov/districts/",,"http://legistar.council.nyc.gov/Legislation.aspx","http://legistar.council.nyc.gov/Departments.aspx","CMDebiRose","https://twitter.com/CMDebiRose","https://www.facebook.com/CouncilwomanDebiRose","https://cdn.civil.services/city-council/ny/new-york/headshots/512x512/deborah-rose.jpg"
"New York","new-york","NY","ny","New York","new-york","50","false","false","minority-leader","republican","Steven Matteo","steven-matteo","Steven","Steven","Matteo",,,,"male","white-american","1977-02-18","2015-07-01","2017-12-31","smatteo@council.nyc.gov","718-980-1017","40.6643","-73.9385","250 Broadway Suite 1823 New York, NY 10007","250",,"Broadway","Suite","1823","New York","NY","10007",,"8550405","https://cdn.civil.services/city-council/ny/new-york/backgrounds/1280x720/city.jpg","http://www.nycgo.com","http://council.nyc.gov/districts/",,"http://legistar.council.nyc.gov/Legislation.aspx","http://legistar.council.nyc.gov/Departments.aspx","StevenMatteo","https://twitter.com/StevenMatteo","https://www.facebook.com/StevenMatteoSI","https://cdn.civil.services/city-council/ny/new-york/headshots/512x512/steven-matteo.jpg"
"New York","new-york","NY","ny","New York","new-york","51","false","false","councilor","republican","Joe Borelli","joe-borelli","Joe","Joe","Borelli",,,,"male","white-american","1982-07-27","2015-11-30","2017-12-31","borelli@council.nyc.gov","718-984-5151","40.6643","-73.9385","250 Broadway Suite 1823 New York, NY 10007","250",,"Broadway","Suite","1823","New York","NY","10007",,"8550405","https://cdn.civil.services/city-council/ny/new-york/backgrounds/1280x720/city.jpg","http://www.nycgo.com","http://council.nyc.gov/districts/",,"http://legistar.council.nyc.gov/Legislation.aspx","http://legistar.council.nyc.gov/Departments.aspx","joeborellinyc","https://twitter.com/joeborellinyc","https://www.facebook.com/joe.borelli","https://cdn.civil.services/city-council/ny/new-york/headshots/512x512/joe-borelli.jpg"
"New York","new-york","NY","ny","New York","new-york",,"false","false","mayor","democrat","Bill De Blasio","bill-de-blasio","Bill","Bill","De Blasio",,,,"male","white-american","1961-05-08","2014-01-01","2017-12-31",,"212-788-3000","40.6643","-73.9385","250 Broadway Suite 1823 New York, NY 10007","250",,"Broadway","Suite","1823","New York","NY","10007",,"8550405","https://cdn.civil.services/city-council/ny/new-york/backgrounds/1280x720/city.jpg","http://www.nycgo.com","http://council.nyc.gov/districts/",,"http://legistar.council.nyc.gov/Legislation.aspx","http://legistar.council.nyc.gov/Departments.aspx","BilldeBlasio","https://twitter.com/BilldeBlasio","https://www.facebook.com/bill.deblasio/","https://cdn.civil.services/city-council/ny/new-york/headshots/512x512/bill-de-blasio.jpg"
"New York","new-york","NY","ny","New York","new-york",,"false","false","district-attorney","independent","Cyrus Vance","cyrus-vance","Cyrus","Cyrus","Vance",,,,"male","white-american","1954-06-14","2010-01-01","2017-12-31",,"212-335-9000","40.6643","-73.9385","250 Broadway Suite 1823 New York, NY 10007","250",,"Broadway","Suite","1823","New York","NY","10007",,"8550405","https://cdn.civil.services/city-council/ny/new-york/backgrounds/1280x720/city.jpg","http://www.nycgo.com","http://council.nyc.gov/districts/",,"http://legistar.council.nyc.gov/Legislation.aspx","http://legistar.council.nyc.gov/Departments.aspx","ManhattanDA","https://twitter.com/ManhattanDA","https://www.facebook.com/ManhattanDistrictAttorney","https://cdn.civil.services/city-council/ny/new-york/headshots/512x512/cyrus-vance.jpg"
