"AD","ED","County","EDAD Status","Event","Party/Independent Body","Office/Position Title","District Key","VoteFor","Unit Name","Tally"
"77","001","Bronx","IN-PLAY","Primary Election 2016 - 09/13/2016","Democratic","Male District Leader","77",1,"Public Counter",7
"77","001","Bronx","IN-PLAY","Primary Election 2016 - 09/13/2016","Democratic","Male District Leader","77",1,"Emergency",0
"77","001","Bronx","IN-PLAY","Primary Election 2016 - 09/13/2016","Democratic","Male District Leader","77",1,"Absentee/Military",0
"77","001","Bronx","IN-PLAY","Primary Election 2016 - 09/13/2016","Democratic","Male District Leader","77",1,"Affidavit",1
"77","001","Bronx","IN-PLAY","Primary Election 2016 - 09/13/2016","Democratic","Male District Leader","77",1,"Bernard Wilkerson",4
"77","001","Bronx","IN-PLAY","Primary Election 2016 - 09/13/2016","Democratic","Male District Leader","77",1,"Gregory A. Delts",3
"77","001","Bronx","IN-PLAY","Primary Election 2016 - 09/13/2016","Democratic","Male District Leader","77",1,"Scattered",1
"77","002","Bronx","IN-PLAY","Primary Election 2016 - 09/13/2016","Democratic","Male District Leader","77",1,"Public Counter",33
"77","002","Bronx","IN-PLAY","Primary Election 2016 - 09/13/2016","Democratic","Male District Leader","77",1,"Emergency",0
"77","002","Bronx","IN-PLAY","Primary Election 2016 - 09/13/2016","Democratic","Male District Leader","77",1,"Absentee/Military",2
"77","002","Bronx","IN-PLAY","Primary Election 2016 - 09/13/2016","Democratic","Male District Leader","77",1,"Affidavit",1
"77","002","Bronx","IN-PLAY","Primary Election 2016 - 09/13/2016","Democratic","Male District Leader","77",1,"Bernard Wilkerson",20
"77","002","Bronx","IN-PLAY","Primary Election 2016 - 09/13/2016","Democratic","Male District Leader","77",1,"Gregory A. Delts",11
"77","003","Bronx","IN-PLAY","Primary Election 2016 - 09/13/2016","Democratic","Male District Leader","77",1,"Public Counter",68
"77","003","Bronx","IN-PLAY","Primary Election 2016 - 09/13/2016","Democratic","Male District Leader","77",1,"Emergency",0
"77","003","Bronx","IN-PLAY","Primary Election 2016 - 09/13/2016","Democratic","Male District Leader","77",1,"Absentee/Military",1
"77","003","Bronx","IN-PLAY","Primary Election 2016 - 09/13/2016","Democratic","Male District Leader","77",1,"Affidavit",1
"77","003","Bronx","IN-PLAY","Primary Election 2016 - 09/13/2016","Democratic","Male District Leader","77",1,"Bernard Wilkerson",26
"77","003","Bronx","IN-PLAY","Primary Election 2016 - 09/13/2016","Democratic","Male District Leader","77",1,"Gregory A. Delts",14
"77","004","Bronx","IN-PLAY","Primary Election 2016 - 09/13/2016","Democratic","Male District Leader","77",1,"Public Counter",27
"77","004","Bronx","IN-PLAY","Primary Election 2016 - 09/13/2016","Democratic","Male District Leader","77",1,"Emergency",0
"77","004","Bronx","IN-PLAY","Primary Election 2016 - 09/13/2016","Democratic","Male District Leader","77",1,"Absentee/Military",0
"77","004","Bronx","IN-PLAY","Primary Election 2016 - 09/13/2016","Democratic","Male District Leader","77",1,"Affidavit",0
"77","004","Bronx","IN-PLAY","Primary Election 2016 - 09/13/2016","Democratic","Male District Leader","77",1,"Bernard Wilkerson",20
"77","004","Bronx","IN-PLAY","Primary Election 2016 - 09/13/2016","Democratic","Male District Leader","77",1,"Gregory A. Delts",4
"77","005","Bronx","IN-PLAY","Primary Election 2016 - 09/13/2016","Democratic","Male District Leader","77",1,"Public Counter",68
"77","005","Bronx","IN-PLAY","Primary Election 2016 - 09/13/2016","Democratic","Male District Leader","77",1,"Emergency",0
"77","005","Bronx","IN-PLAY","Primary Election 2016 - 09/13/2016","Democratic","Male District Leader","77",1,"Absentee/Military",3
"77","005","Bronx","IN-PLAY","Primary Election 2016 - 09/13/2016","Democratic","Male District Leader","77",1,"Affidavit",0
"77","005","Bronx","IN-PLAY","Primary Election 2016 - 09/13/2016","Democratic","Male District Leader","77",1,"Bernard Wilkerson",30
"77","005","Bronx","IN-PLAY","Primary Election 2016 - 09/13/2016","Democratic","Male District Leader","77",1,"Gregory A. Delts",24
"77","006","Bronx","IN-PLAY","Primary Election 2016 - 09/13/2016","Democratic","Male District Leader","77",1,"Public Counter",58
"77","006","Bronx","IN-PLAY","Primary Election 2016 - 09/13/2016","Democratic","Male District Leader","77",1,"Emergency",0
"77","006","Bronx","IN-PLAY","Primary Election 2016 - 09/13/2016","Democratic","Male District Leader","77",1,"Absentee/Military",0
"77","006","Bronx","IN-PLAY","Primary Election 2016 - 09/13/2016","Democratic","Male District Leader","77",1,"Affidavit",0
"77","006","Bronx","IN-PLAY","Primary Election 2016 - 09/13/2016","Democratic","Male District Leader","77",1,"Bernard Wilkerson",33
"77","006","Bronx","IN-PLAY","Primary Election 2016 - 09/13/2016","Democratic","Male District Leader","77",1,"Gregory A. Delts",19
"77","007","Bronx","IN-PLAY","Primary Election 2016 - 09/13/2016","Democratic","Male District Leader","77",1,"Public Counter",95
"77","007","Bronx","IN-PLAY","Primary Election 2016 - 09/13/2016","Democratic","Male District Leader","77",1,"Emergency",0
"77","007","Bronx","IN-PLAY","Primary Election 2016 - 09/13/2016","Democratic","Male District Leader","77",1,"Absentee/Military",3
"77","007","Bronx","IN-PLAY","Primary Election 2016 - 09/13/2016","Democratic","Male District Leader","77",1,"Affidavit",2
"77","007","Bronx","IN-PLAY","Primary Election 2016 - 09/13/2016","Democratic","Male District Leader","77",1,"Bernard Wilkerson",37
"77","007","Bronx","IN-PLAY","Primary Election 2016 - 09/13/2016","Democratic","Male District Leader","77",1,"Gregory A. Delts",29
"77","008","Bronx","IN-PLAY","Primary Election 2016 - 09/13/2016","Democratic","Male District Leader","77",1,"Public Counter",64
"77","008","Bronx","IN-PLAY","Primary Election 2016 - 09/13/2016","Democratic","Male District Leader","77",1,"Emergency",0
"77","008","Bronx","IN-PLAY","Primary Election 2016 - 09/13/2016","Democratic","Male District Leader","77",1,"Absentee/Military",2
"77","008","Bronx","IN-PLAY","Primary Election 2016 - 09/13/2016","Democratic","Male District Leader","77",1,"Affidavit",1
"77","008","Bronx","IN-PLAY","Primary Election 2016 - 09/13/2016","Democratic","Male District Leader","77",1,"Bernard Wilkerson",30
"77","008","Bronx","IN-PLAY","Primary Election 2016 - 09/13/2016","Democratic","Male District Leader","77",1,"Gregory A. Delts",13
"77","009","Bronx","IN-PLAY","Primary Election 2016 - 09/13/2016","Democratic","Male District Leader","77",1,"Public Counter",65
"77","009","Bronx","IN-PLAY","Primary Election 2016 - 09/13/2016","Democratic","Male District Leader","77",1,"Emergency",0
"77","009","Bronx","IN-PLAY","Primary Election 2016 - 09/13/2016","Democratic","Male District Leader","77",1,"Absentee/Military",2
"77","009","Bronx","IN-PLAY","Primary Election 2016 - 09/13/2016","Democratic","Male District Leader","77",1,"Affidavit",1
"77","009","Bronx","IN-PLAY","Primary Election 2016 - 09/13/2016","Democratic","Male District Leader","77",1,"Bernard Wilkerson",28
"77","009","Bronx","IN-PLAY","Primary Election 2016 - 09/13/2016","Democratic","Male District Leader","77",1,"Gregory A. Delts",20
"77","010","Bronx","IN-PLAY","Primary Election 2016 - 09/13/2016","Democratic","Male District Leader","77",1,"Public Counter",75
"77","010","Bronx","IN-PLAY","Primary Election 2016 - 09/13/2016","Democratic","Male District Leader","77",1,"Emergency",0
"77","010","Bronx","IN-PLAY","Primary Election 2016 - 09/13/2016","Democratic","Male District Leader","77",1,"Absentee/Military",1
"77","010","Bronx","IN-PLAY","Primary Election 2016 - 09/13/2016","Democratic","Male District Leader","77",1,"Affidavit",1
"77","010","Bronx","IN-PLAY","Primary Election 2016 - 09/13/2016","Democratic","Male District Leader","77",1,"Bernard Wilkerson",35
"77","010","Bronx","IN-PLAY","Primary Election 2016 - 09/13/2016","Democratic","Male District Leader","77",1,"Gregory A. Delts",22
"77","011","Bronx","IN-PLAY","Primary Election 2016 - 09/13/2016","Democratic","Male District Leader","77",1,"Public Counter",60
"77","011","Bronx","IN-PLAY","Primary Election 2016 - 09/13/2016","Democratic","Male District Leader","77",1,"Emergency",0
"77","011","Bronx","IN-PLAY","Primary Election 2016 - 09/13/2016","Democratic","Male District Leader","77",1,"Absentee/Military",2
"77","011","Bronx","IN-PLAY","Primary Election 2016 - 09/13/2016","Democratic","Male District Leader","77",1,"Affidavit",0
"77","011","Bronx","IN-PLAY","Primary Election 2016 - 09/13/2016","Democratic","Male District Leader","77",1,"Bernard Wilkerson",27
"77","011","Bronx","IN-PLAY","Primary Election 2016 - 09/13/2016","Democratic","Male District Leader","77",1,"Gregory A. Delts",17
"77","011","Bronx","IN-PLAY","Primary Election 2016 - 09/13/2016","Democratic","Male District Leader","77",1,"Scattered",1
"77","012","Bronx","IN-PLAY","Primary Election 2016 - 09/13/2016","Democratic","Male District Leader","77",1,"Public Counter",57
"77","012","Bronx","IN-PLAY","Primary Election 2016 - 09/13/2016","Democratic","Male District Leader","77",1,"Emergency",0
"77","012","Bronx","IN-PLAY","Primary Election 2016 - 09/13/2016","Democratic","Male District Leader","77",1,"Absentee/Military",6
"77","012","Bronx","IN-PLAY","Primary Election 2016 - 09/13/2016","Democratic","Male District Leader","77",1,"Affidavit",0
"77","012","Bronx","IN-PLAY","Primary Election 2016 - 09/13/2016","Democratic","Male District Leader","77",1,"Bernard Wilkerson",37
"77","012","Bronx","IN-PLAY","Primary Election 2016 - 09/13/2016","Democratic","Male District Leader","77",1,"Gregory A. Delts",23
"77","013","Bronx","IN-PLAY","Primary Election 2016 - 09/13/2016","Democratic","Male District Leader","77",1,"Public Counter",66
"77","013","Bronx","IN-PLAY","Primary Election 2016 - 09/13/2016","Democratic","Male District Leader","77",1,"Emergency",0
"77","013","Bronx","IN-PLAY","Primary Election 2016 - 09/13/2016","Democratic","Male District Leader","77",1,"Absentee/Military",0
"77","013","Bronx","IN-PLAY","Primary Election 2016 - 09/13/2016","Democratic","Male District Leader","77",1,"Affidavit",0
"77","013","Bronx","IN-PLAY","Primary Election 2016 - 09/13/2016","Democratic","Male District Leader","77",1,"Bernard Wilkerson",28
"77","013","Bronx","IN-PLAY","Primary Election 2016 - 09/13/2016","Democratic","Male District Leader","77",1,"Gregory A. Delts",20
"77","013","Bronx","IN-PLAY","Primary Election 2016 - 09/13/2016","Democratic","Male District Leader","77",1,"Scattered",1
"77","014","Bronx","IN-PLAY","Primary Election 2016 - 09/13/2016","Democratic","Male District Leader","77",1,"Public Counter",60
"77","014","Bronx","IN-PLAY","Primary Election 2016 - 09/13/2016","Democratic","Male District Leader","77",1,"Emergency",0
"77","014","Bronx","IN-PLAY","Primary Election 2016 - 09/13/2016","Democratic","Male District Leader","77",1,"Absentee/Military",0
"77","014","Bronx","IN-PLAY","Primary Election 2016 - 09/13/2016","Democratic","Male District Leader","77",1,"Affidavit",0
"77","014","Bronx","IN-PLAY","Primary Election 2016 - 09/13/2016","Democratic","Male District Leader","77",1,"Bernard Wilkerson",20
"77","014","Bronx","IN-PLAY","Primary Election 2016 - 09/13/2016","Democratic","Male District Leader","77",1,"Gregory A. Delts",16
"77","015","Bronx","IN-PLAY","Primary Election 2016 - 09/13/2016","Democratic","Male District Leader","77",1,"Public Counter",49
"77","015","Bronx","IN-PLAY","Primary Election 2016 - 09/13/2016","Democratic","Male District Leader","77",1,"Emergency",0
"77","015","Bronx","IN-PLAY","Primary Election 2016 - 09/13/2016","Democratic","Male District Leader","77",1,"Absentee/Military",0
"77","015","Bronx","IN-PLAY","Primary Election 2016 - 09/13/2016","Democratic","Male District Leader","77",1,"Affidavit",0
"77","015","Bronx","IN-PLAY","Primary Election 2016 - 09/13/2016","Democratic","Male District Leader","77",1,"Bernard Wilkerson",24
"77","015","Bronx","IN-PLAY","Primary Election 2016 - 09/13/2016","Democratic","Male District Leader","77",1,"Gregory A. Delts",16
"77","016","Bronx","IN-PLAY","Primary Election 2016 - 09/13/2016","Democratic","Male District Leader","77",1,"Public Counter",30
"77","016","Bronx","IN-PLAY","Primary Election 2016 - 09/13/2016","Democratic","Male District Leader","77",1,"Emergency",0
"77","016","Bronx","IN-PLAY","Primary Election 2016 - 09/13/2016","Democratic","Male District Leader","77",1,"Absentee/Military",0
"77","016","Bronx","IN-PLAY","Primary Election 2016 - 09/13/2016","Democratic","Male District Leader","77",1,"Affidavit",0
"77","016","Bronx","IN-PLAY","Primary Election 2016 - 09/13/2016","Democratic","Male District Leader","77",1,"Bernard Wilkerson",16
"77","016","Bronx","IN-PLAY","Primary Election 2016 - 09/13/2016","Democratic","Male District Leader","77",1,"Gregory A. Delts",9
"77","017","Bronx","IN-PLAY","Primary Election 2016 - 09/13/2016","Democratic","Male District Leader","77",1,"Public Counter",19
"77","017","Bronx","IN-PLAY","Primary Election 2016 - 09/13/2016","Democratic","Male District Leader","77",1,"Emergency",0
"77","017","Bronx","IN-PLAY","Primary Election 2016 - 09/13/2016","Democratic","Male District Leader","77",1,"Absentee/Military",3
"77","017","Bronx","IN-PLAY","Primary Election 2016 - 09/13/2016","Democratic","Male District Leader","77",1,"Affidavit",0
"77","017","Bronx","IN-PLAY","Primary Election 2016 - 09/13/2016","Democratic","Male District Leader","77",1,"Bernard Wilkerson",10
"77","017","Bronx","IN-PLAY","Primary Election 2016 - 09/13/2016","Democratic","Male District Leader","77",1,"Gregory A. Delts",2
"77","018","Bronx","IN-PLAY","Primary Election 2016 - 09/13/2016","Democratic","Male District Leader","77",1,"Public Counter",31
"77","018","Bronx","IN-PLAY","Primary Election 2016 - 09/13/2016","Democratic","Male District Leader","77",1,"Emergency",0
"77","018","Bronx","IN-PLAY","Primary Election 2016 - 09/13/2016","Democratic","Male District Leader","77",1,"Absentee/Military",1
"77","018","Bronx","IN-PLAY","Primary Election 2016 - 09/13/2016","Democratic","Male District Leader","77",1,"Affidavit",1
"77","018","Bronx","IN-PLAY","Primary Election 2016 - 09/13/2016","Democratic","Male District Leader","77",1,"Bernard Wilkerson",7
"77","018","Bronx","IN-PLAY","Primary Election 2016 - 09/13/2016","Democratic","Male District Leader","77",1,"Gregory A. Delts",9
"77","019","Bronx","IN-PLAY","Primary Election 2016 - 09/13/2016","Democratic","Male District Leader","77",1,"Public Counter",39
"77","019","Bronx","IN-PLAY","Primary Election 2016 - 09/13/2016","Democratic","Male District Leader","77",1,"Emergency",0
"77","019","Bronx","IN-PLAY","Primary Election 2016 - 09/13/2016","Democratic","Male District Leader","77",1,"Absentee/Military",0
"77","019","Bronx","IN-PLAY","Primary Election 2016 - 09/13/2016","Democratic","Male District Leader","77",1,"Affidavit",0
"77","019","Bronx","IN-PLAY","Primary Election 2016 - 09/13/2016","Democratic","Male District Leader","77",1,"Bernard Wilkerson",9
"77","019","Bronx","IN-PLAY","Primary Election 2016 - 09/13/2016","Democratic","Male District Leader","77",1,"Gregory A. Delts",11
"77","020","Bronx","IN-PLAY","Primary Election 2016 - 09/13/2016","Democratic","Male District Leader","77",1,"Public Counter",38
"77","020","Bronx","IN-PLAY","Primary Election 2016 - 09/13/2016","Democratic","Male District Leader","77",1,"Emergency",0
"77","020","Bronx","IN-PLAY","Primary Election 2016 - 09/13/2016","Democratic","Male District Leader","77",1,"Absentee/Military",1
"77","020","Bronx","IN-PLAY","Primary Election 2016 - 09/13/2016","Democratic","Male District Leader","77",1,"Affidavit",0
"77","020","Bronx","IN-PLAY","Primary Election 2016 - 09/13/2016","Democratic","Male District Leader","77",1,"Bernard Wilkerson",16
"77","020","Bronx","IN-PLAY","Primary Election 2016 - 09/13/2016","Democratic","Male District Leader","77",1,"Gregory A. Delts",8
"77","021","Bronx","IN-PLAY","Primary Election 2016 - 09/13/2016","Democratic","Male District Leader","77",1,"Public Counter",52
"77","021","Bronx","IN-PLAY","Primary Election 2016 - 09/13/2016","Democratic","Male District Leader","77",1,"Emergency",0
"77","021","Bronx","IN-PLAY","Primary Election 2016 - 09/13/2016","Democratic","Male District Leader","77",1,"Absentee/Military",1
"77","021","Bronx","IN-PLAY","Primary Election 2016 - 09/13/2016","Democratic","Male District Leader","77",1,"Affidavit",2
"77","021","Bronx","IN-PLAY","Primary Election 2016 - 09/13/2016","Democratic","Male District Leader","77",1,"Bernard Wilkerson",13
"77","021","Bronx","IN-PLAY","Primary Election 2016 - 09/13/2016","Democratic","Male District Leader","77",1,"Gregory A. Delts",21
"77","021","Bronx","IN-PLAY","Primary Election 2016 - 09/13/2016","Democratic","Male District Leader","77",1,"Scattered",1
"77","022","Bronx","IN-PLAY","Primary Election 2016 - 09/13/2016","Democratic","Male District Leader","77",1,"Public Counter",65
"77","022","Bronx","IN-PLAY","Primary Election 2016 - 09/13/2016","Democratic","Male District Leader","77",1,"Emergency",0
"77","022","Bronx","IN-PLAY","Primary Election 2016 - 09/13/2016","Democratic","Male District Leader","77",1,"Absentee/Military",2
"77","022","Bronx","IN-PLAY","Primary Election 2016 - 09/13/2016","Democratic","Male District Leader","77",1,"Affidavit",2
"77","022","Bronx","IN-PLAY","Primary Election 2016 - 09/13/2016","Democratic","Male District Leader","77",1,"Bernard Wilkerson",26
"77","022","Bronx","IN-PLAY","Primary Election 2016 - 09/13/2016","Democratic","Male District Leader","77",1,"Gregory A. Delts",17
"77","022","Bronx","IN-PLAY","Primary Election 2016 - 09/13/2016","Democratic","Male District Leader","77",1,"Scattered",3
"77","023","Bronx","IN-PLAY","Primary Election 2016 - 09/13/2016","Democratic","Male District Leader","77",1,"Public Counter",117
"77","023","Bronx","IN-PLAY","Primary Election 2016 - 09/13/2016","Democratic","Male District Leader","77",1,"Emergency",0
"77","023","Bronx","IN-PLAY","Primary Election 2016 - 09/13/2016","Democratic","Male District Leader","77",1,"Absentee/Military",3
"77","023","Bronx","IN-PLAY","Primary Election 2016 - 09/13/2016","Democratic","Male District Leader","77",1,"Affidavit",0
"77","023","Bronx","IN-PLAY","Primary Election 2016 - 09/13/2016","Democratic","Male District Leader","77",1,"Bernard Wilkerson",50
"77","023","Bronx","IN-PLAY","Primary Election 2016 - 09/13/2016","Democratic","Male District Leader","77",1,"Gregory A. Delts",26
"77","024","Bronx","IN-PLAY","Primary Election 2016 - 09/13/2016","Democratic","Male District Leader","77",1,"Public Counter",78
"77","024","Bronx","IN-PLAY","Primary Election 2016 - 09/13/2016","Democratic","Male District Leader","77",1,"Emergency",0
"77","024","Bronx","IN-PLAY","Primary Election 2016 - 09/13/2016","Democratic","Male District Leader","77",1,"Absentee/Military",4
"77","024","Bronx","IN-PLAY","Primary Election 2016 - 09/13/2016","Democratic","Male District Leader","77",1,"Affidavit",2
"77","024","Bronx","IN-PLAY","Primary Election 2016 - 09/13/2016","Democratic","Male District Leader","77",1,"Bernard Wilkerson",39
"77","024","Bronx","IN-PLAY","Primary Election 2016 - 09/13/2016","Democratic","Male District Leader","77",1,"Gregory A. Delts",14
"77","025","Bronx","IN-PLAY","Primary Election 2016 - 09/13/2016","Democratic","Male District Leader","77",1,"Public Counter",84
"77","025","Bronx","IN-PLAY","Primary Election 2016 - 09/13/2016","Democratic","Male District Leader","77",1,"Emergency",0
"77","025","Bronx","IN-PLAY","Primary Election 2016 - 09/13/2016","Democratic","Male District Leader","77",1,"Absentee/Military",1
"77","025","Bronx","IN-PLAY","Primary Election 2016 - 09/13/2016","Democratic","Male District Leader","77",1,"Affidavit",1
"77","025","Bronx","IN-PLAY","Primary Election 2016 - 09/13/2016","Democratic","Male District Leader","77",1,"Bernard Wilkerson",38
"77","025","Bronx","IN-PLAY","Primary Election 2016 - 09/13/2016","Democratic","Male District Leader","77",1,"Gregory A. Delts",31
"77","026","Bronx","IN-PLAY","Primary Election 2016 - 09/13/2016","Democratic","Male District Leader","77",1,"Public Counter",30
"77","026","Bronx","IN-PLAY","Primary Election 2016 - 09/13/2016","Democratic","Male District Leader","77",1,"Emergency",0
"77","026","Bronx","IN-PLAY","Primary Election 2016 - 09/13/2016","Democratic","Male District Leader","77",1,"Absentee/Military",5
"77","026","Bronx","IN-PLAY","Primary Election 2016 - 09/13/2016","Democratic","Male District Leader","77",1,"Affidavit",0
"77","026","Bronx","IN-PLAY","Primary Election 2016 - 09/13/2016","Democratic","Male District Leader","77",1,"Bernard Wilkerson",14
"77","026","Bronx","IN-PLAY","Primary Election 2016 - 09/13/2016","Democratic","Male District Leader","77",1,"Gregory A. Delts",11
"77","027","Bronx","IN-PLAY","Primary Election 2016 - 09/13/2016","Democratic","Male District Leader","77",1,"Public Counter",58
"77","027","Bronx","IN-PLAY","Primary Election 2016 - 09/13/2016","Democratic","Male District Leader","77",1,"Emergency",0
"77","027","Bronx","IN-PLAY","Primary Election 2016 - 09/13/2016","Democratic","Male District Leader","77",1,"Absentee/Military",4
"77","027","Bronx","IN-PLAY","Primary Election 2016 - 09/13/2016","Democratic","Male District Leader","77",1,"Affidavit",0
"77","027","Bronx","IN-PLAY","Primary Election 2016 - 09/13/2016","Democratic","Male District Leader","77",1,"Bernard Wilkerson",30
"77","027","Bronx","IN-PLAY","Primary Election 2016 - 09/13/2016","Democratic","Male District Leader","77",1,"Gregory A. Delts",12
"77","028","Bronx","IN-PLAY","Primary Election 2016 - 09/13/2016","Democratic","Male District Leader","77",1,"Public Counter",57
"77","028","Bronx","IN-PLAY","Primary Election 2016 - 09/13/2016","Democratic","Male District Leader","77",1,"Emergency",0
"77","028","Bronx","IN-PLAY","Primary Election 2016 - 09/13/2016","Democratic","Male District Leader","77",1,"Absentee/Military",10
"77","028","Bronx","IN-PLAY","Primary Election 2016 - 09/13/2016","Democratic","Male District Leader","77",1,"Affidavit",2
"77","028","Bronx","IN-PLAY","Primary Election 2016 - 09/13/2016","Democratic","Male District Leader","77",1,"Bernard Wilkerson",36
"77","028","Bronx","IN-PLAY","Primary Election 2016 - 09/13/2016","Democratic","Male District Leader","77",1,"Gregory A. Delts",12
"77","029","Bronx","IN-PLAY","Primary Election 2016 - 09/13/2016","Democratic","Male District Leader","77",1,"Public Counter",23
"77","029","Bronx","IN-PLAY","Primary Election 2016 - 09/13/2016","Democratic","Male District Leader","77",1,"Emergency",0
"77","029","Bronx","IN-PLAY","Primary Election 2016 - 09/13/2016","Democratic","Male District Leader","77",1,"Absentee/Military",2
"77","029","Bronx","IN-PLAY","Primary Election 2016 - 09/13/2016","Democratic","Male District Leader","77",1,"Affidavit",0
"77","029","Bronx","IN-PLAY","Primary Election 2016 - 09/13/2016","Democratic","Male District Leader","77",1,"Bernard Wilkerson",4
"77","029","Bronx","IN-PLAY","Primary Election 2016 - 09/13/2016","Democratic","Male District Leader","77",1,"Gregory A. Delts",14
"77","029","Bronx","IN-PLAY","Primary Election 2016 - 09/13/2016","Democratic","Male District Leader","77",1,"Scattered",1
"77","030","Bronx","IN-PLAY","Primary Election 2016 - 09/13/2016","Democratic","Male District Leader","77",1,"Public Counter",43
"77","030","Bronx","IN-PLAY","Primary Election 2016 - 09/13/2016","Democratic","Male District Leader","77",1,"Emergency",0
"77","030","Bronx","IN-PLAY","Primary Election 2016 - 09/13/2016","Democratic","Male District Leader","77",1,"Absentee/Military",1
"77","030","Bronx","IN-PLAY","Primary Election 2016 - 09/13/2016","Democratic","Male District Leader","77",1,"Affidavit",0
"77","030","Bronx","IN-PLAY","Primary Election 2016 - 09/13/2016","Democratic","Male District Leader","77",1,"Bernard Wilkerson",16
"77","030","Bronx","IN-PLAY","Primary Election 2016 - 09/13/2016","Democratic","Male District Leader","77",1,"Gregory A. Delts",19
"77","031","Bronx","IN-PLAY","Primary Election 2016 - 09/13/2016","Democratic","Male District Leader","77",1,"Public Counter",8
"77","031","Bronx","IN-PLAY","Primary Election 2016 - 09/13/2016","Democratic","Male District Leader","77",1,"Emergency",0
"77","031","Bronx","IN-PLAY","Primary Election 2016 - 09/13/2016","Democratic","Male District Leader","77",1,"Absentee/Military",0
"77","031","Bronx","IN-PLAY","Primary Election 2016 - 09/13/2016","Democratic","Male District Leader","77",1,"Affidavit",0
"77","031","Bronx","IN-PLAY","Primary Election 2016 - 09/13/2016","Democratic","Male District Leader","77",1,"Bernard Wilkerson",2
"77","031","Bronx","IN-PLAY","Primary Election 2016 - 09/13/2016","Democratic","Male District Leader","77",1,"Gregory A. Delts",3
"77","032","Bronx","IN-PLAY","Primary Election 2016 - 09/13/2016","Democratic","Male District Leader","77",1,"Public Counter",6
"77","032","Bronx","IN-PLAY","Primary Election 2016 - 09/13/2016","Democratic","Male District Leader","77",1,"Emergency",0
"77","032","Bronx","IN-PLAY","Primary Election 2016 - 09/13/2016","Democratic","Male District Leader","77",1,"Absentee/Military",0
"77","032","Bronx","IN-PLAY","Primary Election 2016 - 09/13/2016","Democratic","Male District Leader","77",1,"Affidavit",0
"77","032","Bronx","IN-PLAY","Primary Election 2016 - 09/13/2016","Democratic","Male District Leader","77",1,"Bernard Wilkerson",4
"77","032","Bronx","IN-PLAY","Primary Election 2016 - 09/13/2016","Democratic","Male District Leader","77",1,"Gregory A. Delts",1
"77","033","Bronx","IN-PLAY","Primary Election 2016 - 09/13/2016","Democratic","Male District Leader","77",1,"Public Counter",36
"77","033","Bronx","IN-PLAY","Primary Election 2016 - 09/13/2016","Democratic","Male District Leader","77",1,"Emergency",0
"77","033","Bronx","IN-PLAY","Primary Election 2016 - 09/13/2016","Democratic","Male District Leader","77",1,"Absentee/Military",3
"77","033","Bronx","IN-PLAY","Primary Election 2016 - 09/13/2016","Democratic","Male District Leader","77",1,"Affidavit",0
"77","033","Bronx","IN-PLAY","Primary Election 2016 - 09/13/2016","Democratic","Male District Leader","77",1,"Bernard Wilkerson",17
"77","033","Bronx","IN-PLAY","Primary Election 2016 - 09/13/2016","Democratic","Male District Leader","77",1,"Gregory A. Delts",5
"77","034","Bronx","IN-PLAY","Primary Election 2016 - 09/13/2016","Democratic","Male District Leader","77",1,"Public Counter",53
"77","034","Bronx","IN-PLAY","Primary Election 2016 - 09/13/2016","Democratic","Male District Leader","77",1,"Emergency",0
"77","034","Bronx","IN-PLAY","Primary Election 2016 - 09/13/2016","Democratic","Male District Leader","77",1,"Absentee/Military",2
"77","034","Bronx","IN-PLAY","Primary Election 2016 - 09/13/2016","Democratic","Male District Leader","77",1,"Affidavit",1
"77","034","Bronx","IN-PLAY","Primary Election 2016 - 09/13/2016","Democratic","Male District Leader","77",1,"Bernard Wilkerson",18
"77","034","Bronx","IN-PLAY","Primary Election 2016 - 09/13/2016","Democratic","Male District Leader","77",1,"Gregory A. Delts",15
"77","034","Bronx","IN-PLAY","Primary Election 2016 - 09/13/2016","Democratic","Male District Leader","77",1,"Scattered",1
"77","035","Bronx","IN-PLAY","Primary Election 2016 - 09/13/2016","Democratic","Male District Leader","77",1,"Public Counter",40
"77","035","Bronx","IN-PLAY","Primary Election 2016 - 09/13/2016","Democratic","Male District Leader","77",1,"Emergency",0
"77","035","Bronx","IN-PLAY","Primary Election 2016 - 09/13/2016","Democratic","Male District Leader","77",1,"Absentee/Military",4
"77","035","Bronx","IN-PLAY","Primary Election 2016 - 09/13/2016","Democratic","Male District Leader","77",1,"Affidavit",0
"77","035","Bronx","IN-PLAY","Primary Election 2016 - 09/13/2016","Democratic","Male District Leader","77",1,"Bernard Wilkerson",16
"77","035","Bronx","IN-PLAY","Primary Election 2016 - 09/13/2016","Democratic","Male District Leader","77",1,"Gregory A. Delts",9
"77","036","Bronx","IN-PLAY","Primary Election 2016 - 09/13/2016","Democratic","Male District Leader","77",1,"Public Counter",42
"77","036","Bronx","IN-PLAY","Primary Election 2016 - 09/13/2016","Democratic","Male District Leader","77",1,"Emergency",0
"77","036","Bronx","IN-PLAY","Primary Election 2016 - 09/13/2016","Democratic","Male District Leader","77",1,"Absentee/Military",1
"77","036","Bronx","IN-PLAY","Primary Election 2016 - 09/13/2016","Democratic","Male District Leader","77",1,"Affidavit",0
"77","036","Bronx","IN-PLAY","Primary Election 2016 - 09/13/2016","Democratic","Male District Leader","77",1,"Bernard Wilkerson",20
"77","036","Bronx","IN-PLAY","Primary Election 2016 - 09/13/2016","Democratic","Male District Leader","77",1,"Gregory A. Delts",19
"77","037","Bronx","IN-PLAY","Primary Election 2016 - 09/13/2016","Democratic","Male District Leader","77",1,"Public Counter",50
"77","037","Bronx","IN-PLAY","Primary Election 2016 - 09/13/2016","Democratic","Male District Leader","77",1,"Emergency",0
"77","037","Bronx","IN-PLAY","Primary Election 2016 - 09/13/2016","Democratic","Male District Leader","77",1,"Absentee/Military",3
"77","037","Bronx","IN-PLAY","Primary Election 2016 - 09/13/2016","Democratic","Male District Leader","77",1,"Affidavit",0
"77","037","Bronx","IN-PLAY","Primary Election 2016 - 09/13/2016","Democratic","Male District Leader","77",1,"Bernard Wilkerson",22
"77","037","Bronx","IN-PLAY","Primary Election 2016 - 09/13/2016","Democratic","Male District Leader","77",1,"Gregory A. Delts",17
"77","038","Bronx","IN-PLAY","Primary Election 2016 - 09/13/2016","Democratic","Male District Leader","77",1,"Public Counter",31
"77","038","Bronx","IN-PLAY","Primary Election 2016 - 09/13/2016","Democratic","Male District Leader","77",1,"Emergency",0
"77","038","Bronx","IN-PLAY","Primary Election 2016 - 09/13/2016","Democratic","Male District Leader","77",1,"Absentee/Military",0
"77","038","Bronx","IN-PLAY","Primary Election 2016 - 09/13/2016","Democratic","Male District Leader","77",1,"Affidavit",0
"77","038","Bronx","IN-PLAY","Primary Election 2016 - 09/13/2016","Democratic","Male District Leader","77",1,"Bernard Wilkerson",15
"77","038","Bronx","IN-PLAY","Primary Election 2016 - 09/13/2016","Democratic","Male District Leader","77",1,"Gregory A. Delts",9
"77","039","Bronx","IN-PLAY","Primary Election 2016 - 09/13/2016","Democratic","Male District Leader","77",1,"Public Counter",71
"77","039","Bronx","IN-PLAY","Primary Election 2016 - 09/13/2016","Democratic","Male District Leader","77",1,"Emergency",0
"77","039","Bronx","IN-PLAY","Primary Election 2016 - 09/13/2016","Democratic","Male District Leader","77",1,"Absentee/Military",3
"77","039","Bronx","IN-PLAY","Primary Election 2016 - 09/13/2016","Democratic","Male District Leader","77",1,"Affidavit",0
"77","039","Bronx","IN-PLAY","Primary Election 2016 - 09/13/2016","Democratic","Male District Leader","77",1,"Bernard Wilkerson",37
"77","039","Bronx","IN-PLAY","Primary Election 2016 - 09/13/2016","Democratic","Male District Leader","77",1,"Gregory A. Delts",23
"77","040","Bronx","IN-PLAY","Primary Election 2016 - 09/13/2016","Democratic","Male District Leader","77",1,"Public Counter",39
"77","040","Bronx","IN-PLAY","Primary Election 2016 - 09/13/2016","Democratic","Male District Leader","77",1,"Emergency",0
"77","040","Bronx","IN-PLAY","Primary Election 2016 - 09/13/2016","Democratic","Male District Leader","77",1,"Absentee/Military",2
"77","040","Bronx","IN-PLAY","Primary Election 2016 - 09/13/2016","Democratic","Male District Leader","77",1,"Affidavit",1
"77","040","Bronx","IN-PLAY","Primary Election 2016 - 09/13/2016","Democratic","Male District Leader","77",1,"Bernard Wilkerson",19
"77","040","Bronx","IN-PLAY","Primary Election 2016 - 09/13/2016","Democratic","Male District Leader","77",1,"Gregory A. Delts",15
"77","041","Bronx","IN-PLAY","Primary Election 2016 - 09/13/2016","Democratic","Male District Leader","77",1,"Public Counter",41
"77","041","Bronx","IN-PLAY","Primary Election 2016 - 09/13/2016","Democratic","Male District Leader","77",1,"Emergency",0
"77","041","Bronx","IN-PLAY","Primary Election 2016 - 09/13/2016","Democratic","Male District Leader","77",1,"Absentee/Military",2
"77","041","Bronx","IN-PLAY","Primary Election 2016 - 09/13/2016","Democratic","Male District Leader","77",1,"Affidavit",0
"77","041","Bronx","IN-PLAY","Primary Election 2016 - 09/13/2016","Democratic","Male District Leader","77",1,"Bernard Wilkerson",33
"77","041","Bronx","IN-PLAY","Primary Election 2016 - 09/13/2016","Democratic","Male District Leader","77",1,"Gregory A. Delts",6
"77","042","Bronx","IN-PLAY","Primary Election 2016 - 09/13/2016","Democratic","Male District Leader","77",1,"Public Counter",40
"77","042","Bronx","IN-PLAY","Primary Election 2016 - 09/13/2016","Democratic","Male District Leader","77",1,"Emergency",0
"77","042","Bronx","IN-PLAY","Primary Election 2016 - 09/13/2016","Democratic","Male District Leader","77",1,"Absentee/Military",2
"77","042","Bronx","IN-PLAY","Primary Election 2016 - 09/13/2016","Democratic","Male District Leader","77",1,"Affidavit",0
"77","042","Bronx","IN-PLAY","Primary Election 2016 - 09/13/2016","Democratic","Male District Leader","77",1,"Bernard Wilkerson",24
"77","042","Bronx","IN-PLAY","Primary Election 2016 - 09/13/2016","Democratic","Male District Leader","77",1,"Gregory A. Delts",10
"77","043","Bronx","IN-PLAY","Primary Election 2016 - 09/13/2016","Democratic","Male District Leader","77",1,"Public Counter",64
"77","043","Bronx","IN-PLAY","Primary Election 2016 - 09/13/2016","Democratic","Male District Leader","77",1,"Emergency",0
"77","043","Bronx","IN-PLAY","Primary Election 2016 - 09/13/2016","Democratic","Male District Leader","77",1,"Absentee/Military",4
"77","043","Bronx","IN-PLAY","Primary Election 2016 - 09/13/2016","Democratic","Male District Leader","77",1,"Affidavit",0
"77","043","Bronx","IN-PLAY","Primary Election 2016 - 09/13/2016","Democratic","Male District Leader","77",1,"Bernard Wilkerson",36
"77","043","Bronx","IN-PLAY","Primary Election 2016 - 09/13/2016","Democratic","Male District Leader","77",1,"Gregory A. Delts",18
"77","044","Bronx","IN-PLAY","Primary Election 2016 - 09/13/2016","Democratic","Male District Leader","77",1,"Public Counter",53
"77","044","Bronx","IN-PLAY","Primary Election 2016 - 09/13/2016","Democratic","Male District Leader","77",1,"Emergency",0
"77","044","Bronx","IN-PLAY","Primary Election 2016 - 09/13/2016","Democratic","Male District Leader","77",1,"Absentee/Military",2
"77","044","Bronx","IN-PLAY","Primary Election 2016 - 09/13/2016","Democratic","Male District Leader","77",1,"Affidavit",0
"77","044","Bronx","IN-PLAY","Primary Election 2016 - 09/13/2016","Democratic","Male District Leader","77",1,"Bernard Wilkerson",28
"77","044","Bronx","IN-PLAY","Primary Election 2016 - 09/13/2016","Democratic","Male District Leader","77",1,"Gregory A. Delts",15
"77","045","Bronx","IN-PLAY","Primary Election 2016 - 09/13/2016","Democratic","Male District Leader","77",1,"Public Counter",37
"77","045","Bronx","IN-PLAY","Primary Election 2016 - 09/13/2016","Democratic","Male District Leader","77",1,"Emergency",0
"77","045","Bronx","IN-PLAY","Primary Election 2016 - 09/13/2016","Democratic","Male District Leader","77",1,"Absentee/Military",1
"77","045","Bronx","IN-PLAY","Primary Election 2016 - 09/13/2016","Democratic","Male District Leader","77",1,"Affidavit",0
"77","045","Bronx","IN-PLAY","Primary Election 2016 - 09/13/2016","Democratic","Male District Leader","77",1,"Bernard Wilkerson",15
"77","045","Bronx","IN-PLAY","Primary Election 2016 - 09/13/2016","Democratic","Male District Leader","77",1,"Gregory A. Delts",13
"77","046","Bronx","IN-PLAY","Primary Election 2016 - 09/13/2016","Democratic","Male District Leader","77",1,"Public Counter",48
"77","046","Bronx","IN-PLAY","Primary Election 2016 - 09/13/2016","Democratic","Male District Leader","77",1,"Emergency",0
"77","046","Bronx","IN-PLAY","Primary Election 2016 - 09/13/2016","Democratic","Male District Leader","77",1,"Absentee/Military",1
"77","046","Bronx","IN-PLAY","Primary Election 2016 - 09/13/2016","Democratic","Male District Leader","77",1,"Affidavit",1
"77","046","Bronx","IN-PLAY","Primary Election 2016 - 09/13/2016","Democratic","Male District Leader","77",1,"Bernard Wilkerson",22
"77","046","Bronx","IN-PLAY","Primary Election 2016 - 09/13/2016","Democratic","Male District Leader","77",1,"Gregory A. Delts",13
"77","047","Bronx","IN-PLAY","Primary Election 2016 - 09/13/2016","Democratic","Male District Leader","77",1,"Public Counter",37
"77","047","Bronx","IN-PLAY","Primary Election 2016 - 09/13/2016","Democratic","Male District Leader","77",1,"Emergency",0
"77","047","Bronx","IN-PLAY","Primary Election 2016 - 09/13/2016","Democratic","Male District Leader","77",1,"Absentee/Military",0
"77","047","Bronx","IN-PLAY","Primary Election 2016 - 09/13/2016","Democratic","Male District Leader","77",1,"Affidavit",0
"77","047","Bronx","IN-PLAY","Primary Election 2016 - 09/13/2016","Democratic","Male District Leader","77",1,"Bernard Wilkerson",17
"77","047","Bronx","IN-PLAY","Primary Election 2016 - 09/13/2016","Democratic","Male District Leader","77",1,"Gregory A. Delts",11
"77","048","Bronx","IN-PLAY","Primary Election 2016 - 09/13/2016","Democratic","Male District Leader","77",1,"Public Counter",46
"77","048","Bronx","IN-PLAY","Primary Election 2016 - 09/13/2016","Democratic","Male District Leader","77",1,"Emergency",0
"77","048","Bronx","IN-PLAY","Primary Election 2016 - 09/13/2016","Democratic","Male District Leader","77",1,"Absentee/Military",0
"77","048","Bronx","IN-PLAY","Primary Election 2016 - 09/13/2016","Democratic","Male District Leader","77",1,"Affidavit",1
"77","048","Bronx","IN-PLAY","Primary Election 2016 - 09/13/2016","Democratic","Male District Leader","77",1,"Bernard Wilkerson",24
"77","048","Bronx","IN-PLAY","Primary Election 2016 - 09/13/2016","Democratic","Male District Leader","77",1,"Gregory A. Delts",14
"77","049","Bronx","IN-PLAY","Primary Election 2016 - 09/13/2016","Democratic","Male District Leader","77",1,"Public Counter",26
"77","049","Bronx","IN-PLAY","Primary Election 2016 - 09/13/2016","Democratic","Male District Leader","77",1,"Emergency",0
"77","049","Bronx","IN-PLAY","Primary Election 2016 - 09/13/2016","Democratic","Male District Leader","77",1,"Absentee/Military",3
"77","049","Bronx","IN-PLAY","Primary Election 2016 - 09/13/2016","Democratic","Male District Leader","77",1,"Affidavit",0
"77","049","Bronx","IN-PLAY","Primary Election 2016 - 09/13/2016","Democratic","Male District Leader","77",1,"Bernard Wilkerson",12
"77","049","Bronx","IN-PLAY","Primary Election 2016 - 09/13/2016","Democratic","Male District Leader","77",1,"Gregory A. Delts",6
"77","050","Bronx","IN-PLAY","Primary Election 2016 - 09/13/2016","Democratic","Male District Leader","77",1,"Public Counter",59
"77","050","Bronx","IN-PLAY","Primary Election 2016 - 09/13/2016","Democratic","Male District Leader","77",1,"Emergency",0
"77","050","Bronx","IN-PLAY","Primary Election 2016 - 09/13/2016","Democratic","Male District Leader","77",1,"Absentee/Military",0
"77","050","Bronx","IN-PLAY","Primary Election 2016 - 09/13/2016","Democratic","Male District Leader","77",1,"Affidavit",0
"77","050","Bronx","IN-PLAY","Primary Election 2016 - 09/13/2016","Democratic","Male District Leader","77",1,"Bernard Wilkerson",22
"77","050","Bronx","IN-PLAY","Primary Election 2016 - 09/13/2016","Democratic","Male District Leader","77",1,"Gregory A. Delts",19
"77","051","Bronx","IN-PLAY","Primary Election 2016 - 09/13/2016","Democratic","Male District Leader","77",1,"Public Counter",58
"77","051","Bronx","IN-PLAY","Primary Election 2016 - 09/13/2016","Democratic","Male District Leader","77",1,"Emergency",0
"77","051","Bronx","IN-PLAY","Primary Election 2016 - 09/13/2016","Democratic","Male District Leader","77",1,"Absentee/Military",2
"77","051","Bronx","IN-PLAY","Primary Election 2016 - 09/13/2016","Democratic","Male District Leader","77",1,"Affidavit",0
"77","051","Bronx","IN-PLAY","Primary Election 2016 - 09/13/2016","Democratic","Male District Leader","77",1,"Bernard Wilkerson",27
"77","051","Bronx","IN-PLAY","Primary Election 2016 - 09/13/2016","Democratic","Male District Leader","77",1,"Gregory A. Delts",21
"77","052","Bronx","IN-PLAY","Primary Election 2016 - 09/13/2016","Democratic","Male District Leader","77",1,"Public Counter",24
"77","052","Bronx","IN-PLAY","Primary Election 2016 - 09/13/2016","Democratic","Male District Leader","77",1,"Emergency",0
"77","052","Bronx","IN-PLAY","Primary Election 2016 - 09/13/2016","Democratic","Male District Leader","77",1,"Absentee/Military",0
"77","052","Bronx","IN-PLAY","Primary Election 2016 - 09/13/2016","Democratic","Male District Leader","77",1,"Affidavit",2
"77","052","Bronx","IN-PLAY","Primary Election 2016 - 09/13/2016","Democratic","Male District Leader","77",1,"Bernard Wilkerson",12
"77","052","Bronx","IN-PLAY","Primary Election 2016 - 09/13/2016","Democratic","Male District Leader","77",1,"Gregory A. Delts",3
"77","053","Bronx","IN-PLAY","Primary Election 2016 - 09/13/2016","Democratic","Male District Leader","77",1,"Public Counter",64
"77","053","Bronx","IN-PLAY","Primary Election 2016 - 09/13/2016","Democratic","Male District Leader","77",1,"Emergency",0
"77","053","Bronx","IN-PLAY","Primary Election 2016 - 09/13/2016","Democratic","Male District Leader","77",1,"Absentee/Military",5
"77","053","Bronx","IN-PLAY","Primary Election 2016 - 09/13/2016","Democratic","Male District Leader","77",1,"Affidavit",1
"77","053","Bronx","IN-PLAY","Primary Election 2016 - 09/13/2016","Democratic","Male District Leader","77",1,"Bernard Wilkerson",31
"77","053","Bronx","IN-PLAY","Primary Election 2016 - 09/13/2016","Democratic","Male District Leader","77",1,"Gregory A. Delts",19
"77","054","Bronx","IN-PLAY","Primary Election 2016 - 09/13/2016","Democratic","Male District Leader","77",1,"Public Counter",46
"77","054","Bronx","IN-PLAY","Primary Election 2016 - 09/13/2016","Democratic","Male District Leader","77",1,"Emergency",0
"77","054","Bronx","IN-PLAY","Primary Election 2016 - 09/13/2016","Democratic","Male District Leader","77",1,"Absentee/Military",3
"77","054","Bronx","IN-PLAY","Primary Election 2016 - 09/13/2016","Democratic","Male District Leader","77",1,"Affidavit",1
"77","054","Bronx","IN-PLAY","Primary Election 2016 - 09/13/2016","Democratic","Male District Leader","77",1,"Bernard Wilkerson",29
"77","054","Bronx","IN-PLAY","Primary Election 2016 - 09/13/2016","Democratic","Male District Leader","77",1,"Gregory A. Delts",8
"77","055","Bronx","IN-PLAY","Primary Election 2016 - 09/13/2016","Democratic","Male District Leader","77",1,"Public Counter",35
"77","055","Bronx","IN-PLAY","Primary Election 2016 - 09/13/2016","Democratic","Male District Leader","77",1,"Emergency",0
"77","055","Bronx","IN-PLAY","Primary Election 2016 - 09/13/2016","Democratic","Male District Leader","77",1,"Absentee/Military",2
"77","055","Bronx","IN-PLAY","Primary Election 2016 - 09/13/2016","Democratic","Male District Leader","77",1,"Affidavit",0
"77","055","Bronx","IN-PLAY","Primary Election 2016 - 09/13/2016","Democratic","Male District Leader","77",1,"Bernard Wilkerson",21
"77","055","Bronx","IN-PLAY","Primary Election 2016 - 09/13/2016","Democratic","Male District Leader","77",1,"Gregory A. Delts",7
"77","056","Bronx","IN-PLAY","Primary Election 2016 - 09/13/2016","Democratic","Male District Leader","77",1,"Public Counter",57
"77","056","Bronx","IN-PLAY","Primary Election 2016 - 09/13/2016","Democratic","Male District Leader","77",1,"Emergency",0
"77","056","Bronx","IN-PLAY","Primary Election 2016 - 09/13/2016","Democratic","Male District Leader","77",1,"Absentee/Military",4
"77","056","Bronx","IN-PLAY","Primary Election 2016 - 09/13/2016","Democratic","Male District Leader","77",1,"Affidavit",1
"77","056","Bronx","IN-PLAY","Primary Election 2016 - 09/13/2016","Democratic","Male District Leader","77",1,"Bernard Wilkerson",23
"77","056","Bronx","IN-PLAY","Primary Election 2016 - 09/13/2016","Democratic","Male District Leader","77",1,"Gregory A. Delts",25
"77","057","Bronx","IN-PLAY","Primary Election 2016 - 09/13/2016","Democratic","Male District Leader","77",1,"Public Counter",52
"77","057","Bronx","IN-PLAY","Primary Election 2016 - 09/13/2016","Democratic","Male District Leader","77",1,"Emergency",0
"77","057","Bronx","IN-PLAY","Primary Election 2016 - 09/13/2016","Democratic","Male District Leader","77",1,"Absentee/Military",1
"77","057","Bronx","IN-PLAY","Primary Election 2016 - 09/13/2016","Democratic","Male District Leader","77",1,"Affidavit",0
"77","057","Bronx","IN-PLAY","Primary Election 2016 - 09/13/2016","Democratic","Male District Leader","77",1,"Bernard Wilkerson",25
"77","057","Bronx","IN-PLAY","Primary Election 2016 - 09/13/2016","Democratic","Male District Leader","77",1,"Gregory A. Delts",22
"77","058","Bronx","IN-PLAY","Primary Election 2016 - 09/13/2016","Democratic","Male District Leader","77",1,"Public Counter",72
"77","058","Bronx","IN-PLAY","Primary Election 2016 - 09/13/2016","Democratic","Male District Leader","77",1,"Emergency",0
"77","058","Bronx","IN-PLAY","Primary Election 2016 - 09/13/2016","Democratic","Male District Leader","77",1,"Absentee/Military",6
"77","058","Bronx","IN-PLAY","Primary Election 2016 - 09/13/2016","Democratic","Male District Leader","77",1,"Affidavit",0
"77","058","Bronx","IN-PLAY","Primary Election 2016 - 09/13/2016","Democratic","Male District Leader","77",1,"Bernard Wilkerson",26
"77","058","Bronx","IN-PLAY","Primary Election 2016 - 09/13/2016","Democratic","Male District Leader","77",1,"Gregory A. Delts",28
"77","059","Bronx","IN-PLAY","Primary Election 2016 - 09/13/2016","Democratic","Male District Leader","77",1,"Public Counter",32
"77","059","Bronx","IN-PLAY","Primary Election 2016 - 09/13/2016","Democratic","Male District Leader","77",1,"Emergency",0
"77","059","Bronx","IN-PLAY","Primary Election 2016 - 09/13/2016","Democratic","Male District Leader","77",1,"Absentee/Military",3
"77","059","Bronx","IN-PLAY","Primary Election 2016 - 09/13/2016","Democratic","Male District Leader","77",1,"Affidavit",0
"77","059","Bronx","IN-PLAY","Primary Election 2016 - 09/13/2016","Democratic","Male District Leader","77",1,"Bernard Wilkerson",8
"77","059","Bronx","IN-PLAY","Primary Election 2016 - 09/13/2016","Democratic","Male District Leader","77",1,"Gregory A. Delts",18
"77","060","Bronx","IN-PLAY","Primary Election 2016 - 09/13/2016","Democratic","Male District Leader","77",1,"Public Counter",89
"77","060","Bronx","IN-PLAY","Primary Election 2016 - 09/13/2016","Democratic","Male District Leader","77",1,"Emergency",0
"77","060","Bronx","IN-PLAY","Primary Election 2016 - 09/13/2016","Democratic","Male District Leader","77",1,"Absentee/Military",3
"77","060","Bronx","IN-PLAY","Primary Election 2016 - 09/13/2016","Democratic","Male District Leader","77",1,"Affidavit",0
"77","060","Bronx","IN-PLAY","Primary Election 2016 - 09/13/2016","Democratic","Male District Leader","77",1,"Bernard Wilkerson",31
"77","060","Bronx","IN-PLAY","Primary Election 2016 - 09/13/2016","Democratic","Male District Leader","77",1,"Gregory A. Delts",35
"77","061","Bronx","IN-PLAY","Primary Election 2016 - 09/13/2016","Democratic","Male District Leader","77",1,"Public Counter",21
"77","061","Bronx","IN-PLAY","Primary Election 2016 - 09/13/2016","Democratic","Male District Leader","77",1,"Emergency",0
"77","061","Bronx","IN-PLAY","Primary Election 2016 - 09/13/2016","Democratic","Male District Leader","77",1,"Absentee/Military",0
"77","061","Bronx","IN-PLAY","Primary Election 2016 - 09/13/2016","Democratic","Male District Leader","77",1,"Affidavit",0
"77","061","Bronx","IN-PLAY","Primary Election 2016 - 09/13/2016","Democratic","Male District Leader","77",1,"Bernard Wilkerson",11
"77","061","Bronx","IN-PLAY","Primary Election 2016 - 09/13/2016","Democratic","Male District Leader","77",1,"Gregory A. Delts",4
"77","062","Bronx","IN-PLAY","Primary Election 2016 - 09/13/2016","Democratic","Male District Leader","77",1,"Public Counter",44
"77","062","Bronx","IN-PLAY","Primary Election 2016 - 09/13/2016","Democratic","Male District Leader","77",1,"Emergency",0
"77","062","Bronx","IN-PLAY","Primary Election 2016 - 09/13/2016","Democratic","Male District Leader","77",1,"Absentee/Military",3
"77","062","Bronx","IN-PLAY","Primary Election 2016 - 09/13/2016","Democratic","Male District Leader","77",1,"Affidavit",0
"77","062","Bronx","IN-PLAY","Primary Election 2016 - 09/13/2016","Democratic","Male District Leader","77",1,"Bernard Wilkerson",25
"77","062","Bronx","IN-PLAY","Primary Election 2016 - 09/13/2016","Democratic","Male District Leader","77",1,"Gregory A. Delts",11
"77","063","Bronx","IN-PLAY","Primary Election 2016 - 09/13/2016","Democratic","Male District Leader","77",1,"Public Counter",47
"77","063","Bronx","IN-PLAY","Primary Election 2016 - 09/13/2016","Democratic","Male District Leader","77",1,"Emergency",0
"77","063","Bronx","IN-PLAY","Primary Election 2016 - 09/13/2016","Democratic","Male District Leader","77",1,"Absentee/Military",0
"77","063","Bronx","IN-PLAY","Primary Election 2016 - 09/13/2016","Democratic","Male District Leader","77",1,"Affidavit",1
"77","063","Bronx","IN-PLAY","Primary Election 2016 - 09/13/2016","Democratic","Male District Leader","77",1,"Bernard Wilkerson",21
"77","063","Bronx","IN-PLAY","Primary Election 2016 - 09/13/2016","Democratic","Male District Leader","77",1,"Gregory A. Delts",12
"77","064","Bronx","IN-PLAY","Primary Election 2016 - 09/13/2016","Democratic","Male District Leader","77",1,"Public Counter",19
"77","064","Bronx","IN-PLAY","Primary Election 2016 - 09/13/2016","Democratic","Male District Leader","77",1,"Emergency",0
"77","064","Bronx","IN-PLAY","Primary Election 2016 - 09/13/2016","Democratic","Male District Leader","77",1,"Absentee/Military",1
"77","064","Bronx","IN-PLAY","Primary Election 2016 - 09/13/2016","Democratic","Male District Leader","77",1,"Affidavit",0
"77","064","Bronx","IN-PLAY","Primary Election 2016 - 09/13/2016","Democratic","Male District Leader","77",1,"Bernard Wilkerson",10
"77","064","Bronx","IN-PLAY","Primary Election 2016 - 09/13/2016","Democratic","Male District Leader","77",1,"Gregory A. Delts",3
"77","065","Bronx","IN-PLAY","Primary Election 2016 - 09/13/2016","Democratic","Male District Leader","77",1,"Public Counter",68
"77","065","Bronx","IN-PLAY","Primary Election 2016 - 09/13/2016","Democratic","Male District Leader","77",1,"Emergency",0
"77","065","Bronx","IN-PLAY","Primary Election 2016 - 09/13/2016","Democratic","Male District Leader","77",1,"Absentee/Military",4
"77","065","Bronx","IN-PLAY","Primary Election 2016 - 09/13/2016","Democratic","Male District Leader","77",1,"Affidavit",1
"77","065","Bronx","IN-PLAY","Primary Election 2016 - 09/13/2016","Democratic","Male District Leader","77",1,"Bernard Wilkerson",47
"77","065","Bronx","IN-PLAY","Primary Election 2016 - 09/13/2016","Democratic","Male District Leader","77",1,"Gregory A. Delts",13
"77","066","Bronx","IN-PLAY","Primary Election 2016 - 09/13/2016","Democratic","Male District Leader","77",1,"Public Counter",2
"77","066","Bronx","IN-PLAY","Primary Election 2016 - 09/13/2016","Democratic","Male District Leader","77",1,"Emergency",0
"77","066","Bronx","IN-PLAY","Primary Election 2016 - 09/13/2016","Democratic","Male District Leader","77",1,"Absentee/Military",0
"77","066","Bronx","IN-PLAY","Primary Election 2016 - 09/13/2016","Democratic","Male District Leader","77",1,"Affidavit",0
"77","066","Bronx","IN-PLAY","Primary Election 2016 - 09/13/2016","Democratic","Male District Leader","77",1,"Bernard Wilkerson",1
"77","066","Bronx","IN-PLAY","Primary Election 2016 - 09/13/2016","Democratic","Male District Leader","77",1,"Gregory A. Delts",0
"77","067","Bronx","IN-PLAY","Primary Election 2016 - 09/13/2016","Democratic","Male District Leader","77",1,"Public Counter",18
"77","067","Bronx","IN-PLAY","Primary Election 2016 - 09/13/2016","Democratic","Male District Leader","77",1,"Emergency",0
"77","067","Bronx","IN-PLAY","Primary Election 2016 - 09/13/2016","Democratic","Male District Leader","77",1,"Absentee/Military",0
"77","067","Bronx","IN-PLAY","Primary Election 2016 - 09/13/2016","Democratic","Male District Leader","77",1,"Affidavit",0
"77","067","Bronx","IN-PLAY","Primary Election 2016 - 09/13/2016","Democratic","Male District Leader","77",1,"Bernard Wilkerson",9
"77","067","Bronx","IN-PLAY","Primary Election 2016 - 09/13/2016","Democratic","Male District Leader","77",1,"Gregory A. Delts",4
"77","068","Bronx","IN-PLAY","Primary Election 2016 - 09/13/2016","Democratic","Male District Leader","77",1,"Public Counter",27
"77","068","Bronx","IN-PLAY","Primary Election 2016 - 09/13/2016","Democratic","Male District Leader","77",1,"Emergency",0
"77","068","Bronx","IN-PLAY","Primary Election 2016 - 09/13/2016","Democratic","Male District Leader","77",1,"Absentee/Military",2
"77","068","Bronx","IN-PLAY","Primary Election 2016 - 09/13/2016","Democratic","Male District Leader","77",1,"Affidavit",0
"77","068","Bronx","IN-PLAY","Primary Election 2016 - 09/13/2016","Democratic","Male District Leader","77",1,"Bernard Wilkerson",9
"77","068","Bronx","IN-PLAY","Primary Election 2016 - 09/13/2016","Democratic","Male District Leader","77",1,"Gregory A. Delts",9
"77","069","Bronx","COMBINED INTO 049/77","Primary Election 2016 - 09/13/2016","Democratic","Male District Leader","77",1,"Public Counter",0
"77","069","Bronx","COMBINED INTO 049/77","Primary Election 2016 - 09/13/2016","Democratic","Male District Leader","77",1,"Emergency",0
"77","069","Bronx","COMBINED INTO 049/77","Primary Election 2016 - 09/13/2016","Democratic","Male District Leader","77",1,"Absentee/Military",0
"77","069","Bronx","COMBINED INTO 049/77","Primary Election 2016 - 09/13/2016","Democratic","Male District Leader","77",1,"Affidavit",0
"77","070","Bronx","IN-PLAY","Primary Election 2016 - 09/13/2016","Democratic","Male District Leader","77",1,"Public Counter",0
"77","070","Bronx","IN-PLAY","Primary Election 2016 - 09/13/2016","Democratic","Male District Leader","77",1,"Emergency",0
"77","070","Bronx","IN-PLAY","Primary Election 2016 - 09/13/2016","Democratic","Male District Leader","77",1,"Absentee/Military",0
"77","070","Bronx","IN-PLAY","Primary Election 2016 - 09/13/2016","Democratic","Male District Leader","77",1,"Affidavit",0
"77","070","Bronx","IN-PLAY","Primary Election 2016 - 09/13/2016","Democratic","Male District Leader","77",1,"Bernard Wilkerson",0
"77","070","Bronx","IN-PLAY","Primary Election 2016 - 09/13/2016","Democratic","Male District Leader","77",1,"Gregory A. Delts",0
"77","071","Bronx","IN-PLAY","Primary Election 2016 - 09/13/2016","Democratic","Male District Leader","77",1,"Public Counter",37
"77","071","Bronx","IN-PLAY","Primary Election 2016 - 09/13/2016","Democratic","Male District Leader","77",1,"Emergency",0
"77","071","Bronx","IN-PLAY","Primary Election 2016 - 09/13/2016","Democratic","Male District Leader","77",1,"Absentee/Military",2
"77","071","Bronx","IN-PLAY","Primary Election 2016 - 09/13/2016","Democratic","Male District Leader","77",1,"Affidavit",0
"77","071","Bronx","IN-PLAY","Primary Election 2016 - 09/13/2016","Democratic","Male District Leader","77",1,"Bernard Wilkerson",16
"77","071","Bronx","IN-PLAY","Primary Election 2016 - 09/13/2016","Democratic","Male District Leader","77",1,"Gregory A. Delts",13
"77","072","Bronx","IN-PLAY","Primary Election 2016 - 09/13/2016","Democratic","Male District Leader","77",1,"Public Counter",31
"77","072","Bronx","IN-PLAY","Primary Election 2016 - 09/13/2016","Democratic","Male District Leader","77",1,"Emergency",0
"77","072","Bronx","IN-PLAY","Primary Election 2016 - 09/13/2016","Democratic","Male District Leader","77",1,"Absentee/Military",4
"77","072","Bronx","IN-PLAY","Primary Election 2016 - 09/13/2016","Democratic","Male District Leader","77",1,"Affidavit",2
"77","072","Bronx","IN-PLAY","Primary Election 2016 - 09/13/2016","Democratic","Male District Leader","77",1,"Bernard Wilkerson",10
"77","072","Bronx","IN-PLAY","Primary Election 2016 - 09/13/2016","Democratic","Male District Leader","77",1,"Gregory A. Delts",21
"77","073","Bronx","COMBINED INTO 049/77","Primary Election 2016 - 09/13/2016","Democratic","Male District Leader","77",1,"Public Counter",0
"77","073","Bronx","COMBINED INTO 049/77","Primary Election 2016 - 09/13/2016","Democratic","Male District Leader","77",1,"Emergency",0
"77","073","Bronx","COMBINED INTO 049/77","Primary Election 2016 - 09/13/2016","Democratic","Male District Leader","77",1,"Absentee/Military",0
"77","073","Bronx","COMBINED INTO 049/77","Primary Election 2016 - 09/13/2016","Democratic","Male District Leader","77",1,"Affidavit",0
"77","074","Bronx","IN-PLAY","Primary Election 2016 - 09/13/2016","Democratic","Male District Leader","77",1,"Public Counter",45
"77","074","Bronx","IN-PLAY","Primary Election 2016 - 09/13/2016","Democratic","Male District Leader","77",1,"Emergency",0
"77","074","Bronx","IN-PLAY","Primary Election 2016 - 09/13/2016","Democratic","Male District Leader","77",1,"Absentee/Military",1
"77","074","Bronx","IN-PLAY","Primary Election 2016 - 09/13/2016","Democratic","Male District Leader","77",1,"Affidavit",0
"77","074","Bronx","IN-PLAY","Primary Election 2016 - 09/13/2016","Democratic","Male District Leader","77",1,"Bernard Wilkerson",24
"77","074","Bronx","IN-PLAY","Primary Election 2016 - 09/13/2016","Democratic","Male District Leader","77",1,"Gregory A. Delts",12
"77","075","Bronx","IN-PLAY","Primary Election 2016 - 09/13/2016","Democratic","Male District Leader","77",1,"Public Counter",23
"77","075","Bronx","IN-PLAY","Primary Election 2016 - 09/13/2016","Democratic","Male District Leader","77",1,"Emergency",0
"77","075","Bronx","IN-PLAY","Primary Election 2016 - 09/13/2016","Democratic","Male District Leader","77",1,"Absentee/Military",1
"77","075","Bronx","IN-PLAY","Primary Election 2016 - 09/13/2016","Democratic","Male District Leader","77",1,"Affidavit",0
"77","075","Bronx","IN-PLAY","Primary Election 2016 - 09/13/2016","Democratic","Male District Leader","77",1,"Bernard Wilkerson",10
"77","075","Bronx","IN-PLAY","Primary Election 2016 - 09/13/2016","Democratic","Male District Leader","77",1,"Gregory A. Delts",5
"77","076","Bronx","IN-PLAY","Primary Election 2016 - 09/13/2016","Democratic","Male District Leader","77",1,"Public Counter",27
"77","076","Bronx","IN-PLAY","Primary Election 2016 - 09/13/2016","Democratic","Male District Leader","77",1,"Emergency",0
"77","076","Bronx","IN-PLAY","Primary Election 2016 - 09/13/2016","Democratic","Male District Leader","77",1,"Absentee/Military",0
"77","076","Bronx","IN-PLAY","Primary Election 2016 - 09/13/2016","Democratic","Male District Leader","77",1,"Affidavit",0
"77","076","Bronx","IN-PLAY","Primary Election 2016 - 09/13/2016","Democratic","Male District Leader","77",1,"Bernard Wilkerson",15
"77","076","Bronx","IN-PLAY","Primary Election 2016 - 09/13/2016","Democratic","Male District Leader","77",1,"Gregory A. Delts",8
"77","077","Bronx","IN-PLAY","Primary Election 2016 - 09/13/2016","Democratic","Male District Leader","77",1,"Public Counter",36
"77","077","Bronx","IN-PLAY","Primary Election 2016 - 09/13/2016","Democratic","Male District Leader","77",1,"Emergency",0
"77","077","Bronx","IN-PLAY","Primary Election 2016 - 09/13/2016","Democratic","Male District Leader","77",1,"Absentee/Military",1
"77","077","Bronx","IN-PLAY","Primary Election 2016 - 09/13/2016","Democratic","Male District Leader","77",1,"Affidavit",0
"77","077","Bronx","IN-PLAY","Primary Election 2016 - 09/13/2016","Democratic","Male District Leader","77",1,"Bernard Wilkerson",19
"77","077","Bronx","IN-PLAY","Primary Election 2016 - 09/13/2016","Democratic","Male District Leader","77",1,"Gregory A. Delts",4
