County,ED,AD,Site Name,Site Address
Queens,001,23,Blessed Trinity Church,204-25 Rockaway Point Boulevard
Queens,002,23,Blessed Trinity Church,204-25 Rockaway Point Boulevard
Queens,003,23,Blessed Trinity Church,204-25 Rockaway Point Boulevard
Queens,004,23,Blessed Trinity Church,204-25 Rockaway Point Boulevard
Queens,005,23,PS 114-Belle Harbor,134-09 Cronston Avenue
Queens,006,23,PS 114-Belle Harbor,134-09 Cronston Avenue
Queens,007,23,PS 114-Belle Harbor,134-09 Cronston Avenue
Queens,008,23,PS 114-Belle Harbor,134-09 Cronston Avenue
Queens,009,23,PS 114-Belle Harbor,134-09 Cronston Avenue
Queens,010,23,PS 114-Belle Harbor,134-09 Cronston Avenue
Queens,011,23,Seaside Library,116-15 Rockaway Beach Blvd.
Queens,012,23,Seaside Library,116-15 Rockaway Beach Blvd.
Queens,013,23,Dayton Tower West 10200,102-00 Shore Front Parkway
Queens,014,23,Dayton Tower West 10200,102-00 Shore Front Parkway
Queens,015,23,Dayton Beach Park 8600,86-00 Shore Front Parkway
Queens,016,23,Dayton Beach Park 8200,82-00 Shore Front Parkway
Queens,017,23,Dayton Towers East 7400,7400 Shore Front Parkway
Queens,018,23,Dayton Tower West 10200,102-00 Shore Front Parkway
Queens,019,23,Peninsula Library,92-25 Rockaway Beach Boulevard
Queens,020,23,Peninsula Library,92-25 Rockaway Beach Boulevard
Queens,021,23,Dayton Towers East 7400,7400 Shore Front Parkway
Queens,022,23,PS 105-The Bay School,420 Beach 51 Street
Queens,023,23,JASA Brookdale Village Senior Ctr.,131 Beach 19 Street
Queens,024,23,JASA Brookdale Village Senior Ctr.,131 Beach 19 Street
Queens,025,23,Young Israel of Far Rockaway,716 Beach 9 Street
Queens,026,23,Sand Castle,711 Seagirt Avenue
Queens,027,23,Young Israel of Far Rockaway,716 Beach 9 Street
Queens,028,23,MS 53 / IS 53 -Brian Piccolo,10-45 Nameoke Street
Queens,029,23,MS 53 / IS 53 -Brian Piccolo,10-45 Nameoke Street
Queens,030,23,Young Israel of Far Rockaway,716 Beach 9 Street
Queens,031,23,Young Israel of Far Rockaway,716 Beach 9 Street
Queens,032,23,Evelyn & Lou Grn Res,19-15 Seagirt Blvd
Queens,033,23,Evelyn & Lou Grn Res,19-15 Seagirt Blvd
Queens,034,23,PS 215 - Lucretia Mott,5-35 Briar Place
Queens,035,23,PS 104-Bays Water,26-01 Mott Avenue
Queens,036,23,PS 104-Bays Water,26-01 Mott Avenue
Queens,037,23,PS 104-Bays Water,26-01 Mott Avenue
Queens,038,23,PS 105-The Bay School,420 Beach 51 Street
Queens,039,23,Young Israel of Far Rockaway,716 Beach 9 Street
Queens,040,23,PS 47-Chris Galas,9 Power Road
Queens,041,23,PS 47-Chris Galas,9 Power Road
Queens,042,23,Evelyn & Lou Grn Res,19-15 Seagirt Blvd
Queens,043,23,PS 64-Joseph P. Addabbo,82-01 101 Avenue
Queens,044,23,PS 207-Rockwood Park,159-15 88 Street
Queens,045,23,PS 207-Rockwood Park,159-15 88 Street
Queens,046,23,PS 207-Rockwood Park,159-15 88 Street
Queens,047,23,PS 207-Rockwood Park,159-15 88 Street
Queens,048,23,PS 207-Rockwood Park,159-15 88 Street
Queens,049,23,PS 146-Howard Beach,98-01 159 Avenue
Queens,050,23,PS 146-Howard Beach,98-01 159 Avenue
Queens,051,23,PS 146-Howard Beach,98-01 159 Avenue
Queens,052,23,PS 146-Howard Beach,98-01 159 Avenue
Queens,053,23,JHS 202-Robert H. Goddard,138-30 Lafayette Street
Queens,054,23,MS 137-America's School of Heroes,109-15 98 Street
Queens,055,23,PS 63-Old South,90-15 Sutter Avenue
Queens,056,23,PS 63-Old South,90-15 Sutter Avenue
Queens,057,23,PS 63-Old South,90-15 Sutter Avenue
Queens,058,23,JHS 202-Robert H. Goddard,138-30 Lafayette Street
Queens,059,23,JHS 202-Robert H. Goddard,138-30 Lafayette Street
Queens,060,23,JHS 202-Robert H. Goddard,138-30 Lafayette Street
Queens,061,23,PS 232-Lindenwood,153-23 83 Street
Queens,062,23,PS 232-Lindenwood,153-23 83 Street
Queens,063,23,PS 232-Lindenwood,153-23 83 Street
Queens,064,23,PS 232-Lindenwood,153-23 83 Street
Queens,065,23,PS 232-Lindenwood,153-23 83 Street
Queens,066,23,PS 64-Joseph P. Addabbo,82-01 101 Avenue
Queens,067,23,PS 64-Joseph P. Addabbo,82-01 101 Avenue
Queens,068,23,PS 64-Joseph P. Addabbo,82-01 101 Avenue
Queens,069,23,PS 316 - Queens Explorers Elementary,90-07 101 Avenue
Queens,070,23,MS 137-America's School of Heroes,109-15 98 Street
Queens,071,23,PS 105-The Bay School,420 Beach 51 Street
Queens,072,23,PS 47-Chris Galas,9 Power Road
Queens,073,23,PS 47-Chris Galas,9 Power Road
Queens,074,23,PS 47-Chris Galas,9 Power Road
Queens,075,23,PS 232-Lindenwood,153-23 83 Street
Queens,076,23,PS 232-Lindenwood,153-23 83 Street
Queens,077,23,PS 146-Howard Beach,98-01 159 Avenue
Queens,078,23,PS 146-Howard Beach,98-01 159 Avenue
Queens,079,23,PS 146-Howard Beach,98-01 159 Avenue
Queens,080,23,PS 47-Chris Galas,9 Power Road
Queens,081,23,PS 47-Chris Galas,9 Power Road
Queens,082,23,PS 47-Chris Galas,9 Power Road
Queens,083,23,PS 105-The Bay School,420 Beach 51 Street
Queens,084,23,PS 232-Lindenwood,153-23 83 Street
Queens,085,23,Dayton Beach Park 8600,86-00 Shore Front Parkway
Queens,086,23,Dayton Beach Park 8600,86-00 Shore Front Parkway
Queens,087,23,Peninsula Library,92-25 Rockaway Beach Boulevard
Queens,088,23,MS 53 / IS 53 -Brian Piccolo,10-45 Nameoke Street
Queens,089,23,JHS 202-Robert H. Goddard,138-30 Lafayette Street
Queens,090,23,PS 207-Rockwood Park,159-15 88 Street
Queens,091,23,JHS 226-Virgil I. Grissom,121-10 Rockaway Boulevard
Queens,092,23,PS 114-Belle Harbor,134-09 Cronston Avenue
Queens,093,23,PS 232-Lindenwood,153-23 83 Street
Queens,001,24,PS 186-Castlewood,252-12 72 Avenue
Queens,002,24,PS 186-Castlewood,252-12 72 Avenue
Queens,003,24,PS 186-Castlewood,252-12 72 Avenue
Queens,004,24,PS 186-Castlewood,252-12 72 Avenue
Queens,005,24,PS 115-Glen Oaks,80-51 261 Street
Queens,006,24,PS 115-Glen Oaks,80-51 261 Street
Queens,007,24,PS 115-Glen Oaks,80-51 261 Street
Queens,008,24,Creedmoor Hospital,79-25 Winchester Boulevard
Queens,009,24,Creedmoor Hospital,79-25 Winchester Boulevard
Queens,010,24,Martin Van Buren HS,230-17 Hillside Avenue
Queens,011,24,Martin Van Buren HS,230-17 Hillside Avenue
Queens,012,24,Martin Van Buren HS,230-17 Hillside Avenue
Queens,013,24,Martin Van Buren HS,230-17 Hillside Avenue
Queens,014,24,Martin Van Buren HS,230-17 Hillside Avenue
Queens,015,24,PS 186-Castlewood,252-12 72 Avenue
Queens,016,24,PS 188-Kingsburry,218-12 Hartland Avenue
Queens,017,24,PS 205-Alexander Graham Bell,75-25 Bell Boulevard
Queens,018,24,PS 205-Alexander Graham Bell,75-25 Bell Boulevard
Queens,019,24,PS 188-Kingsburry,218-12 Hartland Avenue
Queens,020,24,PS 205-Alexander Graham Bell,75-25 Bell Boulevard
Queens,021,24,PS 205-Alexander Graham Bell,75-25 Bell Boulevard
Queens,022,24,PS 188-Kingsburry,218-12 Hartland Avenue
Queens,023,24,PS 205-Alexander Graham Bell,75-25 Bell Boulevard
Queens,024,24,PS 188-Kingsburry,218-12 Hartland Avenue
Queens,025,24,PS 188-Kingsburry,218-12 Hartland Avenue
Queens,026,24,PS 90-Horace Mann,86-50 109 Street
Queens,027,24,Hilltop Village Coop,87-15 204 Street
Queens,028,24,PS 178-Holliswood,189-10 Radnor Road
Queens,029,24,Hilltop Village Coop,87-15 204 Street
Queens,030,24,Hilltop Village Coop,87-15 204 Street
Queens,031,24,PS 178-Holliswood,189-10 Radnor Road
Queens,032,24,PS 178-Holliswood,189-10 Radnor Road
Queens,033,24,Hillcrest Jewish Center,183-02 Union Turnpike
Queens,034,24,Hillcrest Jewish Center,183-02 Union Turnpike
Queens,035,24,PS 178-Holliswood,189-10 Radnor Road
Queens,036,24,Immaculate Conception Church,86-45 Edgerton Boulevard
Queens,037,24,PS 178-Holliswood,189-10 Radnor Road
Queens,038,24,PS 178-Holliswood,189-10 Radnor Road
Queens,039,24,Hillcrest Jewish Center,183-02 Union Turnpike
Queens,040,24,Immaculate Conception Church,86-45 Edgerton Boulevard
Queens,041,24,Thomas A. Edison HS,165-65 84 Avenue
Queens,042,24,Thomas A. Edison HS,165-65 84 Avenue
Queens,043,24,Thomas A. Edison HS,165-65 84 Avenue
Queens,044,24,Hillcrest HS,160-05 Highland Avenue
Queens,045,24,JHS 217-Robert A. Van Wyck,85-05 144 Street
Queens,046,24,PS 117-J.Keld / Briarwood School,85-15 143 Street
Queens,047,24,JHS 217-Robert A. Van Wyck,85-05 144 Street
Queens,048,24,PS 82-Hammond,88-02 144 Street
Queens,049,24,St Nicholas of Tolentine,150-75 Goethals Avenue
Queens,050,24,JHS 217-Robert A. Van Wyck,85-05 144 Street
Queens,051,24,Young Womens Leadership School-Queens,150-91 87 Road
Queens,052,24,Thomas A. Edison HS,165-65 84 Avenue
Queens,053,24,Thomas A. Edison HS,165-65 84 Avenue
Queens,054,24,Thomas A. Edison HS,165-65 84 Avenue
Queens,055,24,Thomas A. Edison HS,165-65 84 Avenue
Queens,056,24,Immaculate Conception Church,86-45 Edgerton Boulevard
Queens,057,24,Central Library,89-11 Merrick Boulevard
Queens,058,24,PS/IS 314,88-08 164 Street
Queens,059,24,Martin Van Buren HS,230-17 Hillside Avenue
Queens,060,24,PS 82-Hammond,88-02 144 Street
Queens,061,24,Martin Van Buren HS,230-17 Hillside Avenue
Queens,062,24,Thomas A. Edison HS,165-65 84 Avenue
Queens,063,24,PS 161-Arthur Ashe School,101-33 124 Street
Queens,064,24,PS 55-Maure,131-10 97 Avenue
Queens,065,24,PS 161-Arthur Ashe School,101-33 124 Street
Queens,066,24,PS 54-Hillside,86-02 127 Street
Queens,067,24,JHS 217-Robert A. Van Wyck,85-05 144 Street
Queens,068,24,PS 90-Horace Mann,86-50 109 Street
Queens,069,24,PS 90-Horace Mann,86-50 109 Street
Queens,070,24,Boys and Girls Club of Metro Queens,110-04 Atlantic Avenue
Queens,071,24,PS 161-Arthur Ashe School,101-33 124 Street
Queens,072,24,PS 161-Arthur Ashe School,101-33 124 Street
Queens,073,24,PS 161-Arthur Ashe School,101-33 124 Street
Queens,074,24,PS 161-Arthur Ashe School,101-33 124 Street
Queens,075,24,PS 100-Glen Morris,111-11 118 Street
Queens,076,24,Lefferts Library,103-34 Lefferts Boulevard
Queens,077,24,Lefferts Library,103-34 Lefferts Boulevard
Queens,078,24,PS 117-J.Keld / Briarwood School,85-15 143 Street
Queens,079,24,PS 161-Arthur Ashe School,101-33 124 Street
Queens,080,24,PS 188-Kingsburry,218-12 Hartland Avenue
Queens,081,24,PS 82-Hammond,88-02 144 Street
Queens,082,24,PS 161-Arthur Ashe School,101-33 124 Street
Queens,083,24,PS 188-Kingsburry,218-12 Hartland Avenue
Queens,084,24,PS 205-Alexander Graham Bell,75-25 Bell Boulevard
Queens,085,24,JHS 217-Robert A. Van Wyck,85-05 144 Street
Queens,086,24,PS 117-J.Keld / Briarwood School,85-15 143 Street
Queens,087,24,PS 161-Arthur Ashe School,101-33 124 Street
Queens,088,24,PS 161-Arthur Ashe School,101-33 124 Street
Queens,089,24,PS 188-Kingsburry,218-12 Hartland Avenue
Queens,090,24,Immaculate Conception Church,86-45 Edgerton Boulevard
Queens,091,24,PS 135-Bellaire School,207-11 89 Avenue
Queens,001,25,St Nicholas of Tolentine,150-75 Goethals Avenue
Queens,002,25,St Nicholas of Tolentine,150-75 Goethals Avenue
Queens,003,25,St Nicholas of Tolentine,150-75 Goethals Avenue
Queens,004,25,St Nicholas of Tolentine,150-75 Goethals Avenue
Queens,005,25,St Nicholas of Tolentine,150-75 Goethals Avenue
Queens,006,25,PS 168 JHS,158-40 76 Road
Queens,007,25,PS 154-Queens,75-02 162 Street
Queens,008,25,PS 154-Queens,75-02 162 Street
Queens,009,25,PS 154-Queens,75-02 162 Street
Queens,010,25,PS 154-Queens,75-02 162 Street
Queens,011,25,PS 154-Queens,75-02 162 Street
Queens,012,25,PS 173-Fresh Meadows,174-10 67 Avenue
Queens,013,25,PS 173-Fresh Meadows,174-10 67 Avenue
Queens,014,25,PS 173-Fresh Meadows,174-10 67 Avenue
Queens,015,25,Hillcrest Jewish Center,183-02 Union Turnpike
Queens,016,25,PS 26-Rufus King,195-02 69 Avenue
Queens,017,25,PS 26-Rufus King,195-02 69 Avenue
Queens,018,25,PS 26-Rufus King,195-02 69 Avenue
Queens,019,25,PS 26-Rufus King,195-02 69 Avenue
Queens,020,25,PS 26-Rufus King,195-02 69 Avenue
Queens,021,25,PS 46-Alley Pond,64-45 218 Street
Queens,022,25,PS 46-Alley Pond,64-45 218 Street
Queens,023,25,Benjamin N. Cardozo HS,57-00 223 Street
Queens,024,25,PS 213-Carl Ullman School,231-02 67 Avenue
Queens,025,25,Immaculate Conception Center,72-00 Douglaston Parkway
Queens,026,25,PS 46-Alley Pond,64-45 218 Street
Queens,027,25,PS 31-Bayside,211-45 46 Road
Queens,028,25,PS 31-Bayside,211-45 46 Road
Queens,029,25,PS 31-Bayside,211-45 46 Road
Queens,030,25,PS 31-Bayside,211-45 46 Road
Queens,031,25,PS 31-Bayside,211-45 46 Road
Queens,032,25,PS 31-Bayside,211-45 46 Road
Queens,033,25,PS 162-John Golden,201-02 53 Avenue
Queens,034,25,PS 31-Bayside,211-45 46 Road
Queens,035,25,PS 162-John Golden,201-02 53 Avenue
Queens,036,25,PS 162-John Golden,201-02 53 Avenue
Queens,037,25,PS 162-John Golden,201-02 53 Avenue
Queens,038,25,PS 177,56-37 188 Street
Queens,039,25,PS 177,56-37 188 Street
Queens,040,25,PS 107-Thomas A Dooley,167-02 45 Avenue
Queens,041,25,Francis Lewis HS,58-20 Utopia Parkway
Queens,042,25,PS 177,56-37 188 Street
Queens,043,25,Francis Lewis HS,58-20 Utopia Parkway
Queens,044,25,PS 163-Flushing Heights,159-01 59 Avenue
Queens,045,25,PS 163-Flushing Heights,159-01 59 Avenue
Queens,046,25,PS 163-Flushing Heights,159-01 59 Avenue
Queens,047,25,Queens Botanical Gardens,43-50 Main Street
Queens,048,25,PS 120-Queens,58-01 136 Street
Queens,049,25,PS 120-Queens,58-01 136 Street
Queens,050,25,Queens Botanical Gardens,43-50 Main Street
Queens,051,25,Queens Botanical Gardens,43-50 Main Street
Queens,052,25,Rosenthal Senior Center,45-25 Kissena Boulevard
Queens,053,25,Rosenthal Senior Center,45-25 Kissena Boulevard
Queens,054,25,IS 237,46-21 Colden Street
Queens,055,25,Rosenthal Senior Center,45-25 Kissena Boulevard
Queens,056,25,Rosenthal Senior Center,45-25 Kissena Boulevard
Queens,057,25,Mary's Nativity Church,46-02 Parsons Boulevard
Queens,058,25,Immaculate Conception Center,72-00 Douglaston Parkway
Queens,059,25,PS 173-Fresh Meadows,174-10 67 Avenue
Queens,060,25,MS 200-Pomonok School & Star Academy,70-10 164 Street
Queens,061,25,PS 173-Fresh Meadows,174-10 67 Avenue
Queens,062,25,PS 201-Discovery School for Inquiry & Research,65-11 155 Street
Queens,063,25,PS 219-Paul Klapper,144-39 Gravett Road
Queens,064,25,PS 219-Paul Klapper,144-39 Gravett Road
Queens,065,25,PS 46-Alley Pond,64-45 218 Street
Queens,066,25,Benjamin N. Cardozo HS,57-00 223 Street
Queens,067,25,PS 213-Carl Ullman School,231-02 67 Avenue
Queens,068,25,PS 120-Queens,58-01 136 Street
Queens,069,25,PS 168 JHS,158-40 76 Road
Queens,070,25,PS 168 JHS,158-40 76 Road
Queens,071,25,PS 26-Rufus King,195-02 69 Avenue
Queens,072,25,PS 46-Alley Pond,64-45 218 Street
Queens,073,25,PS 107-Thomas A Dooley,167-02 45 Avenue
Queens,074,25,IS 237,46-21 Colden Street
Queens,075,25,PS 26-Rufus King,195-02 69 Avenue
Queens,076,25,PS 154-Queens,75-02 162 Street
Queens,077,25,PS 46-Alley Pond,64-45 218 Street
Queens,078,25,PS 162-John Golden,201-02 53 Avenue
Queens,079,25,PS 177,56-37 188 Street
Queens,001,26,PS 79-Francis Lewis,147-27 15 Drive
Queens,002,26,PS 79-Francis Lewis,147-27 15 Drive
Queens,003,26,PS 79-Francis Lewis,147-27 15 Drive
Queens,004,26,PS 79-Francis Lewis,147-27 15 Drive
Queens,005,26,PS 79-Francis Lewis,147-27 15 Drive
Queens,006,26,PS 79-Francis Lewis,147-27 15 Drive
Queens,007,26,PS 184-Flushing Manor,163-15 21 Road
Queens,008,26,PS 209-Clearview Gardens,16-10 Utopia Parkway
Queens,009,26,PS 209-Clearview Gardens,16-10 Utopia Parkway
Queens,010,26,PS 184-Flushing Manor,163-15 21 Road
Queens,011,26,PS 184-Flushing Manor,163-15 21 Road
Queens,012,26,PS 184-Flushing Manor,163-15 21 Road
Queens,013,26,PS 193-Alfred J. Kennedy,152-20 11 Avenue
Queens,014,26,PS 193-Alfred J. Kennedy,152-20 11 Avenue
Queens,015,26,PS 193-Alfred J. Kennedy,152-20 11 Avenue
Queens,016,26,PS 193-Alfred J. Kennedy,152-20 11 Avenue
Queens,017,26,PS 193-Alfred J. Kennedy,152-20 11 Avenue
Queens,018,26,PS 193-Alfred J. Kennedy,152-20 11 Avenue
Queens,019,26,PS 169-Bell Academy,18-25 212 Street
Queens,020,26,PS 169-Bell Academy,18-25 212 Street
Queens,021,26,PS 169-Bell Academy,18-25 212 Street
Queens,022,26,PS 169-Bell Academy,18-25 212 Street
Queens,023,26,PS 169-Bell Academy,18-25 212 Street
Queens,024,26,PS 169-Bell Academy,18-25 212 Street
Queens,025,26,PS 169-Bell Academy,18-25 212 Street
Queens,026,26,PS 169-Bell Academy,18-25 212 Street
Queens,027,26,PS 169-Bell Academy,18-25 212 Street
Queens,028,26,PS 98-Douglaston School,40-20 235 Street
Queens,029,26,JHS 67-Louis Pasteur,51-60 Marathon Parkway
Queens,030,26,PS 98-Douglaston School,40-20 235 Street
Queens,031,26,PS 98-Douglaston School,40-20 235 Street
Queens,032,26,PS 94-David D. Porter,41-77 Little Neck Parkway
Queens,033,26,PS 94-David D. Porter,41-77 Little Neck Parkway
Queens,034,26,JHS 67-Louis Pasteur,51-60 Marathon Parkway
Queens,035,26,JHS 67-Louis Pasteur,51-60 Marathon Parkway
Queens,036,26,PS 107-Thomas A Dooley,167-02 45 Avenue
Queens,037,26,PS 107-Thomas A Dooley,167-02 45 Avenue
Queens,038,26,PS 31-Bayside,211-45 46 Road
Queens,039,26,PS 32-State Street,171-11 35 Avenue
Queens,040,26,Benjamin N. Cardozo HS,57-00 223 Street
Queens,041,26,PS 41-Crocheron,214-43 35 Avenue
Queens,042,26,Benjamin N. Cardozo HS,57-00 223 Street
Queens,043,26,Benjamin N. Cardozo HS,57-00 223 Street
Queens,044,26,Benjamin N. Cardozo HS,57-00 223 Street
Queens,045,26,PS 187/811Q,61-25 Marathon Parkway
Queens,046,26,PS 187/811Q,61-25 Marathon Parkway
Queens,047,26,PS 187/811Q,61-25 Marathon Parkway
Queens,048,26,PS 187/811Q,61-25 Marathon Parkway
Queens,049,26,PS 187/811Q,61-25 Marathon Parkway
Queens,050,26,PS 41-Crocheron,214-43 35 Avenue
Queens,051,26,PS 41-Crocheron,214-43 35 Avenue
Queens,052,26,Bayside HS,32-24 Corporal Kennedy Street
Queens,053,26,PS 130,200-01 42 Avenue
Queens,054,26,PS 107-Thomas A Dooley,167-02 45 Avenue
Queens,055,26,PS 107-Thomas A Dooley,167-02 45 Avenue
Queens,056,26,PS 107-Thomas A Dooley,167-02 45 Avenue
Queens,057,26,PS 32-State Street,171-11 35 Avenue
Queens,058,26,IS 25-Adrien Block,34-65 192 Street
Queens,059,26,PS 32-State Street,171-11 35 Avenue
Queens,060,26,PS 32-State Street,171-11 35 Avenue
Queens,061,26,IS 25-Adrien Block,34-65 192 Street
Queens,062,26,IS 25-Adrien Block,34-65 192 Street
Queens,063,26,IS 25-Adrien Block,34-65 192 Street
Queens,064,26,IS 25-Adrien Block,34-65 192 Street
Queens,065,26,Bayside HS,32-24 Corporal Kennedy Street
Queens,066,26,Bayside HS,32-24 Corporal Kennedy Street
Queens,067,26,Bayside HS,32-24 Corporal Kennedy Street
Queens,068,26,PS 41-Crocheron,214-43 35 Avenue
Queens,069,26,PS 41-Crocheron,214-43 35 Avenue
Queens,070,26,PS 41-Crocheron,214-43 35 Avenue
Queens,071,26,North Shore Towers,272-40 Grand Central Parkway
Queens,072,26,PS 186-Castlewood,252-12 72 Avenue
Queens,073,26,North Shore Towers,272-40 Grand Central Parkway
Queens,074,26,Parker J Institute,271-11 76 Avenue
Queens,075,26,PS 115-Glen Oaks,80-51 261 Street
Queens,076,26,PS 115-Glen Oaks,80-51 261 Street
Queens,077,26,PS 193-Alfred J. Kennedy,152-20 11 Avenue
Queens,078,26,Benjamin N. Cardozo HS,57-00 223 Street
Queens,079,26,PS 79-Francis Lewis,147-27 15 Drive
Queens,080,26,PS 130,200-01 42 Avenue
Queens,081,26,PS 41-Crocheron,214-43 35 Avenue
Queens,082,26,Bayside HS,32-24 Corporal Kennedy Street
Queens,083,26,PS 32-State Street,171-11 35 Avenue
Queens,084,26,North Shore Towers,272-40 Grand Central Parkway
Queens,085,26,PS 169-Bell Academy,18-25 212 Street
Queens,001,27,PS 165-Edith K. Bergtraum,70-35 150 Street
Queens,002,27,PS 54-Hillside,86-02 127 Street
Queens,003,27,PS 99-Kew Gardens,82-37 Kew Gardens Road
Queens,004,27,PS 99-Kew Gardens,82-37 Kew Gardens Road
Queens,005,27,PS 54-Hillside,86-02 127 Street
Queens,006,27,PS 99-Kew Gardens,82-37 Kew Gardens Road
Queens,007,27,PS 99-Kew Gardens,82-37 Kew Gardens Road
Queens,008,27,PS 99-Kew Gardens,82-37 Kew Gardens Road
Queens,009,27,PS 99-Kew Gardens,82-37 Kew Gardens Road
Queens,010,27,PS 82-Hammond,88-02 144 Street
Queens,011,27,PS 82-Hammond,88-02 144 Street
Queens,012,27,PS 117-J.Keld / Briarwood School,85-15 143 Street
Queens,013,27,PS 117-J.Keld / Briarwood School,85-15 143 Street
Queens,014,27,Briarwood Library,85-12 Main Street
Queens,015,27,PS 99-Kew Gardens,82-37 Kew Gardens Road
Queens,016,27,JHS 217-Robert A. Van Wyck,85-05 144 Street
Queens,017,27,St Nicholas of Tolentine,150-75 Goethals Avenue
Queens,018,27,PS 99-Kew Gardens,82-37 Kew Gardens Road
Queens,019,27,PS 196-Grand Central Parkway,71-25 113 Street
Queens,020,27,PS 196-Grand Central Parkway,71-25 113 Street
Queens,021,27,Meadowbrook Apartments,77-15 113 Street
Queens,022,27,PS 99-Kew Gardens,82-37 Kew Gardens Road
Queens,023,27,PS 193-Alfred J. Kennedy,152-20 11 Avenue
Queens,024,27,PS 165-Edith K. Bergtraum,70-35 150 Street
Queens,025,27,PS 165-Edith K. Bergtraum,70-35 150 Street
Queens,026,27,PS 165-Edith K. Bergtraum,70-35 150 Street
Queens,027,27,PS 219-Paul Klapper,144-39 Gravett Road
Queens,028,27,PS 165-Edith K. Bergtraum,70-35 150 Street
Queens,029,27,PS 165-Edith K. Bergtraum,70-35 150 Street
Queens,030,27,PS 168 JHS,158-40 76 Road
Queens,031,27,Aguilar Gardens Community Room,71-50 Parsons Boulevard
Queens,032,27,PS 154-Queens,75-02 162 Street
Queens,033,27,PS 154-Queens,75-02 162 Street
Queens,034,27,Aguilar Gardens Community Room,71-50 Parsons Boulevard
Queens,035,27,Aguilar Gardens Community Room,71-50 Parsons Boulevard
Queens,036,27,PS 165-Edith K. Bergtraum,70-35 150 Street
Queens,037,27,MS 200-Pomonok School & Star Academy,70-10 164 Street
Queens,038,27,MS 200-Pomonok School & Star Academy,70-10 164 Street
Queens,039,27,MS 200-Pomonok School & Star Academy,70-10 164 Street
Queens,040,27,PS 201-Discovery School for Inquiry & Research,65-11 155 Street
Queens,041,27,MS 200-Pomonok School & Star Academy,70-10 164 Street
Queens,042,27,PS 165-Edith K. Bergtraum,70-35 150 Street
Queens,043,27,PS 219-Paul Klapper,144-39 Gravett Road
Queens,044,27,PS 165-Edith K. Bergtraum,70-35 150 Street
Queens,045,27,PS 165-Edith K. Bergtraum,70-35 150 Street
Queens,046,27,Forest Hills HS,67-01 110 Street
Queens,047,27,JHS 157-Stephen A Halsey,63-55 102 Street
Queens,048,27,JHS 157-Stephen A Halsey,63-55 102 Street
Queens,049,27,JHS 157-Stephen A Halsey,63-55 102 Street
Queens,050,27,PS 175-Lynn Gross Discovery School,64-35 102 Street
Queens,051,27,PS 193-Alfred J. Kennedy,152-20 11 Avenue
Queens,052,27,JHS 157-Stephen A Halsey,63-55 102 Street
Queens,053,27,JHS 157-Stephen A Halsey,63-55 102 Street
Queens,054,27,PS 220-Edward Mandel,62-10 108 Street
Queens,055,27,Fairview Owners Corp.,61-20 Grand Central Parkway
Queens,056,27,PS 220-Edward Mandel,62-10 108 Street
Queens,057,27,PS 129-Patricia Larkin,128-02 7 Avenue
Queens,058,27,PS 220-Edward Mandel,62-10 108 Street
Queens,059,27,PS 129-Patricia Larkin,128-02 7 Avenue
Queens,060,27,PS 29-Queens,125-10 23 Avenue
Queens,061,27,PS 29-Queens,125-10 23 Avenue
Queens,062,27,VFW Post 885,120-19 14 Road
Queens,063,27,VFW Post 885,120-19 14 Road
Queens,064,27,VFW Post 885,120-19 14 Road
Queens,065,27,VFW Post 885,120-19 14 Road
Queens,066,27,PS 129-Patricia Larkin,128-02 7 Avenue
Queens,067,27,PS 129-Patricia Larkin,128-02 7 Avenue
Queens,068,27,PS 129-Patricia Larkin,128-02 7 Avenue
Queens,069,27,PS 56-Harry Eichler,86-10 114 Street
Queens,070,27,PS 196-Grand Central Parkway,71-25 113 Street
Queens,071,27,Meadowbrook Apartments,77-15 113 Street
Queens,072,27,PS 196-Grand Central Parkway,71-25 113 Street
Queens,073,27,PS 220-Edward Mandel,62-10 108 Street
Queens,074,27,PS 29-Queens,125-10 23 Avenue
Queens,075,27,PS 29-Queens,125-10 23 Avenue
Queens,076,27,PS 193-Alfred J. Kennedy,152-20 11 Avenue
Queens,077,27,VFW Post 885,120-19 14 Road
Queens,078,27,VFW Post 885,120-19 14 Road
Queens,079,27,PS 154-Queens,75-02 162 Street
Queens,080,27,St Nicholas of Tolentine,150-75 Goethals Avenue
Queens,081,27,PS 29-Queens,125-10 23 Avenue
Queens,082,27,Richmond Hill Library,118-14 Hillside Avenue
Queens,083,27,PS 54-Hillside,86-02 127 Street
Queens,084,27,MS 200-Pomonok School & Star Academy,70-10 164 Street
Queens,085,27,PS 201-Discovery School for Inquiry & Research,65-11 155 Street
Queens,086,27,PS 175-Lynn Gross Discovery School,64-35 102 Street
Queens,087,27,PS 129-Patricia Larkin,128-02 7 Avenue
Queens,088,27,PS 99-Kew Gardens,82-37 Kew Gardens Road
Queens,089,27,PS 219-Paul Klapper,144-39 Gravett Road
Queens,001,28,PS 254-Rosa Parks School,84-40 101 Street
Queens,002,28,PS 90-Horace Mann,86-50 109 Street
Queens,003,28,PS 90-Horace Mann,86-50 109 Street
Queens,004,28,PS 56-Harry Eichler,86-10 114 Street
Queens,005,28,PS 56-Harry Eichler,86-10 114 Street
Queens,006,28,Ridgewood YMCA,69-02 64 Street
Queens,007,28,Richmond Hill Library,118-14 Hillside Avenue
Queens,008,28,PS 56-Harry Eichler,86-10 114 Street
Queens,009,28,PS 254-Rosa Parks School,84-40 101 Street
Queens,010,28,PS 56-Harry Eichler,86-10 114 Street
Queens,011,28,PS 56-Harry Eichler,86-10 114 Street
Queens,012,28,PS 99-Kew Gardens,82-37 Kew Gardens Road
Queens,013,28,PS 90-Horace Mann,86-50 109 Street
Queens,014,28,PS 88-Seneca,60-85 Catalpa Avenue
Queens,015,28,PS 113-Isaac Chauncey,78-23 87 Street
Queens,016,28,PS 113-Isaac Chauncey,78-23 87 Street
Queens,017,28,PS 113-Isaac Chauncey,78-23 87 Street
Queens,018,28,North Forest Park Library,98-27 Metropolitan Avenue
Queens,019,28,PS 101-School in the Gardens,2 Russell Place
Queens,020,28,PS 101-School in the Gardens,2 Russell Place
Queens,021,28,PS 101-School in the Gardens,2 Russell Place
Queens,022,28,PS 101-School in the Gardens,2 Russell Place
Queens,023,28,PS 101-School in the Gardens,2 Russell Place
Queens,024,28,PS 196-Grand Central Parkway,71-25 113 Street
Queens,025,28,PS 99-Kew Gardens,82-37 Kew Gardens Road
Queens,026,28,PS 101-School in the Gardens,2 Russell Place
Queens,027,28,PS 101-School in the Gardens,2 Russell Place
Queens,028,28,PS 196-Grand Central Parkway,71-25 113 Street
Queens,029,28,Forest Hills Library,108-19 71 Avenue
Queens,030,28,Forest Hills Library,108-19 71 Avenue
Queens,031,28,PS 303-Academy for Excellence,108-55 69 Avenue
Queens,032,28,Forest Hills Library,108-19 71 Avenue
Queens,033,28,PS 196-Grand Central Parkway,71-25 113 Street
Queens,034,28,PS 196-Grand Central Parkway,71-25 113 Street
Queens,035,28,JHS 190-Russell Sage,68-17 Austin Street
Queens,036,28,JHS 190-Russell Sage,68-17 Austin Street
Queens,037,28,JHS 190-Russell Sage,68-17 Austin Street
Queens,038,28,JHS 190-Russell Sage,68-17 Austin Street
Queens,039,28,JHS 190-Russell Sage,68-17 Austin Street
Queens,040,28,JHS 190-Russell Sage,68-17 Austin Street
Queens,041,28,JHS 190-Russell Sage,68-17 Austin Street
Queens,042,28,PS 139-Rego Park,93-06 63 Drive
Queens,043,28,Forest Hills HS,67-01 110 Street
Queens,044,28,Forest Hills HS,67-01 110 Street
Queens,045,28,PS 175-Lynn Gross Discovery School,64-35 102 Street
Queens,046,28,PS 175-Lynn Gross Discovery School,64-35 102 Street
Queens,047,28,PS 303-Academy for Excellence,108-55 69 Avenue
Queens,048,28,Forest Hills HS,67-01 110 Street
Queens,049,28,Forest Hills HS,67-01 110 Street
Queens,050,28,PS 139-Rego Park,93-06 63 Drive
Queens,051,28,PS 139-Rego Park,93-06 63 Drive
Queens,052,28,PS 175-Lynn Gross Discovery School,64-35 102 Street
Queens,053,28,JHS 157-Stephen A Halsey,63-55 102 Street
Queens,054,28,PS 206-Horace Harding School,61-02 98 Street
Queens,055,28,PS 206-Horace Harding School,61-02 98 Street
Queens,056,28,PS 139-Rego Park,93-06 63 Drive
Queens,057,28,PS 139-Rego Park,93-06 63 Drive
Queens,058,28,PS 139-Rego Park,93-06 63 Drive
Queens,059,28,PS 206-Horace Harding School,61-02 98 Street
Queens,060,28,PS 139-Rego Park,93-06 63 Drive
Queens,061,28,PS 139-Rego Park,93-06 63 Drive
Queens,062,28,PS 174-William Sidney Mount,65-10 Dieterle Crescent
Queens,063,28,PS 174-William Sidney Mount,65-10 Dieterle Crescent
Queens,064,28,PS 174-William Sidney Mount,65-10 Dieterle Crescent
Queens,065,28,PS 144-Col. Jeromus Remsen,93-02 69 Avenue
Queens,066,28,PS 144-Col. Jeromus Remsen,93-02 69 Avenue
Queens,067,28,PS 144-Col. Jeromus Remsen,93-02 69 Avenue
Queens,068,28,PS 144-Col. Jeromus Remsen,93-02 69 Avenue
Queens,069,28,PS 144-Col. Jeromus Remsen,93-02 69 Avenue
Queens,070,28,IS 119-The Glendale,74-01 78 Avenue
Queens,071,28,IS 119-The Glendale,74-01 78 Avenue
Queens,072,28,PS 87-Middle Village,67-54 80 Street
Queens,073,28,PS 87-Middle Village,67-54 80 Street
Queens,074,28,St. Margaret's RC Church,66-05 79 Place
Queens,075,28,St. Margaret's RC Church,66-05 79 Place
Queens,076,28,"PS 128-Lorraine Tuzzo,Juniper Valley Elementary",69-10 65 Drive
Queens,077,28,"PS 128-Lorraine Tuzzo,Juniper Valley Elementary",69-10 65 Drive
Queens,078,28,PS 153-Maspeth Elem,60-02 60 Lane
Queens,079,28,PS 254-Rosa Parks School,84-40 101 Street
Queens,080,28,PS 101-School in the Gardens,2 Russell Place
Queens,081,28,PS 101-School in the Gardens,2 Russell Place
Queens,082,28,IS 119-The Glendale,74-01 78 Avenue
Queens,083,28,PS 87-Middle Village,67-54 80 Street
Queens,084,28,Forest Hills HS,67-01 110 Street
Queens,085,28,PS 175-Lynn Gross Discovery School,64-35 102 Street
Queens,086,28,PS 174-William Sidney Mount,65-10 Dieterle Crescent
Queens,087,28,JHS 190-Russell Sage,68-17 Austin Street
Queens,088,28,JHS 190-Russell Sage,68-17 Austin Street
Queens,089,28,PS 139-Rego Park,93-06 63 Drive
Queens,001,29,PS/IS 314,88-08 164 Street
Queens,002,29,PS/IS 314,88-08 164 Street
Queens,003,29,Central Library,89-11 Merrick Boulevard
Queens,004,29,Central Library,89-11 Merrick Boulevard
Queens,005,29,Central Library,89-11 Merrick Boulevard
Queens,006,29,Immaculate Conception Church,86-45 Edgerton Boulevard
Queens,007,29,Immaculate Conception Church,86-45 Edgerton Boulevard
Queens,008,29,Immaculate Conception Church,86-45 Edgerton Boulevard
Queens,009,29,PS 95-Eastwood,179-01 90 Avenue
Queens,010,29,PS 95-Eastwood,179-01 90 Avenue
Queens,011,29,PS 35-Nathaniel Woodhull,191-02 90 Avenue
Queens,012,29,PS 35-Nathaniel Woodhull,191-02 90 Avenue
Queens,013,29,PS 35-Nathaniel Woodhull,191-02 90 Avenue
Queens,014,29,PS 35-Nathaniel Woodhull,191-02 90 Avenue
Queens,015,29,PS 95-Eastwood,179-01 90 Avenue
Queens,016,29,PS 95-Eastwood,179-01 90 Avenue
Queens,017,29,International Tower Senior Center,90-20 170 Street
Queens,018,29,JHS 8-Richard S. Grossley,108-35 167 Street
Queens,019,29,JHS 8-Richard S. Grossley,108-35 167 Street
Queens,020,29,JHS 8-Richard S. Grossley,108-35 167 Street
Queens,021,29,PS 118-Lorraine Hansberry,190-20 109 Road
Queens,022,29,PS 118-Lorraine Hansberry,190-20 109 Road
Queens,023,29,St. Albans Congregational Church,172-17 Linden Boulevard
Queens,024,29,St. Albans Congregational Church,172-17 Linden Boulevard
Queens,025,29,St. Albans Congregational Church,172-17 Linden Boulevard
Queens,026,29,St. Albans Congregational Church,172-17 Linden Boulevard
Queens,027,29,PS 36-Saint Albans School,187-01 Foch Boulevard
Queens,028,29,PS 36-Saint Albans School,187-01 Foch Boulevard
Queens,029,29,PS 15-Jackie Robinson,121-15 Lucas Street
Queens,030,29,PS 15-Jackie Robinson,121-15 Lucas Street
Queens,031,29,IS 59-Springfield Gardens,132-55 Ridgedale Street
Queens,032,29,PS 15-Jackie Robinson,121-15 Lucas Street
Queens,033,29,PS 36-Saint Albans School,187-01 Foch Boulevard
Queens,034,29,PS 36-Saint Albans School,187-01 Foch Boulevard
Queens,035,29,Merrick Park Baptist Church,120-02 Marsden Street
Queens,036,29,PS 35-Nathaniel Woodhull,191-02 90 Avenue
Queens,037,29,PS 35-Nathaniel Woodhull,191-02 90 Avenue
Queens,038,29,PS 35-Nathaniel Woodhull,191-02 90 Avenue
Queens,039,29,PS 35-Nathaniel Woodhull,191-02 90 Avenue
Queens,040,29,Springfield Garden-Excelsior Preparatory HS,143-10 Springfield Boulevard
Queens,041,29,Springfield Garden-Excelsior Preparatory HS,143-10 Springfield Boulevard
Queens,042,29,PS 195-William Haberle,253-50 149 Avenue
Queens,043,29,PS 195-William Haberle,253-50 149 Avenue
Queens,044,29,PS 195-William Haberle,253-50 149 Avenue
Queens,045,29,PS 195-William Haberle,253-50 149 Avenue
Queens,046,29,PS 138-Sunrise,251-11 Weller Avenue
Queens,047,29,PS 138-Sunrise,251-11 Weller Avenue
Queens,048,29,PS 138-Sunrise,251-11 Weller Avenue
Queens,049,29,PS 138-Sunrise,251-11 Weller Avenue
Queens,050,29,Springfield Garden-Excelsior Preparatory HS,143-10 Springfield Boulevard
Queens,051,29,Springfield Garden-Excelsior Preparatory HS,143-10 Springfield Boulevard
Queens,052,29,Springfield Garden-Excelsior Preparatory HS,143-10 Springfield Boulevard
Queens,053,29,Springfield Garden-Excelsior Preparatory HS,143-10 Springfield Boulevard
Queens,054,29,Springfield Garden-Excelsior Preparatory HS,143-10 Springfield Boulevard
Queens,055,29,IS 59-Springfield Gardens,132-55 Ridgedale Street
Queens,056,29,IS 59-Springfield Gardens,132-55 Ridgedale Street
Queens,057,29,IS 59-Springfield Gardens,132-55 Ridgedale Street
Queens,058,29,IS 59-Springfield Gardens,132-55 Ridgedale Street
Queens,059,29,IS 59-Springfield Gardens,132-55 Ridgedale Street
Queens,060,29,PS / IS 270-Gordon Parks School,233-15 Merrick Boulevard
Queens,061,29,PS / IS 270-Gordon Parks School,233-15 Merrick Boulevard
Queens,062,29,PS / IS 270-Gordon Parks School,233-15 Merrick Boulevard
Queens,063,29,PS / IS 270-Gordon Parks School,233-15 Merrick Boulevard
Queens,064,29,PS / IS 270-Gordon Parks School,233-15 Merrick Boulevard
Queens,065,29,PS / IS 270-Gordon Parks School,233-15 Merrick Boulevard
Queens,066,29,PS / IS 270-Gordon Parks School,233-15 Merrick Boulevard
Queens,067,29,PS / IS 270-Gordon Parks School,233-15 Merrick Boulevard
Queens,068,29,PS / IS 270-Gordon Parks School,233-15 Merrick Boulevard
Queens,069,29,Springfield Garden-Excelsior Preparatory HS,143-10 Springfield Boulevard
Queens,070,29,JHS 8-Richard S. Grossley,108-35 167 Street
Queens,071,29,PS 195-William Haberle,253-50 149 Avenue
Queens,072,29,PS 95-Eastwood,179-01 90 Avenue
Queens,073,29,International Tower Senior Center,90-20 170 Street
Queens,074,29,JHS 8-Richard S. Grossley,108-35 167 Street
Queens,075,29,PS 36-Saint Albans School,187-01 Foch Boulevard
Queens,076,29,PS 135-Bellaire School,207-11 89 Avenue
Queens,077,29,PS 195-William Haberle,253-50 149 Avenue
Queens,078,29,PS 138-Sunrise,251-11 Weller Avenue
Queens,079,29,IS 59-Springfield Gardens,132-55 Ridgedale Street
Queens,080,29,PS 118-Lorraine Hansberry,190-20 109 Road
Queens,001,30,Maspeth High School,54-40 74 Street
Queens,002,30,PS 49-Dorothy Bonawit Kole,79-15 Penelope Avenue
Queens,003,30,PS 49-Dorothy Bonawit Kole,79-15 Penelope Avenue
Queens,004,30,PS 49-Dorothy Bonawit Kole,79-15 Penelope Avenue
Queens,005,30,PS 49-Dorothy Bonawit Kole,79-15 Penelope Avenue
Queens,006,30,PS 49-Dorothy Bonawit Kole,79-15 Penelope Avenue
Queens,007,30,PS 49-Dorothy Bonawit Kole,79-15 Penelope Avenue
Queens,008,30,PS 49-Dorothy Bonawit Kole,79-15 Penelope Avenue
Queens,009,30,PS 49-Dorothy Bonawit Kole,79-15 Penelope Avenue
Queens,010,30,Maspeth High School,54-40 74 Street
Queens,011,30,Maspeth High School,54-40 74 Street
Queens,012,30,"PS 128-Lorraine Tuzzo,Juniper Valley Elementary",69-10 65 Drive
Queens,013,30,Holy Cross Church,61-21 56 Road
Queens,014,30,"PS 128-Lorraine Tuzzo,Juniper Valley Elementary",69-10 65 Drive
Queens,015,30,"PS 128-Lorraine Tuzzo,Juniper Valley Elementary",69-10 65 Drive
Queens,016,30,Holy Cross Church,61-21 56 Road
Queens,017,30,PS 153-Maspeth Elem,60-02 60 Lane
Queens,018,30,PS 153-Maspeth Elem,60-02 60 Lane
Queens,019,30,Holy Cross Church,61-21 56 Road
Queens,020,30,Maspeth High School,54-40 74 Street
Queens,021,30,IS 73-Frank Sansivieri,70-02 54 Avenue
Queens,022,30,PS 58-School of Heroes,72-50 Grand Avenue
Queens,023,30,PS 229-Emanuel Kaplan,67-25 51 Road
Queens,024,30,PS 229-Emanuel Kaplan,67-25 51 Road
Queens,025,30,PS 229-Emanuel Kaplan,67-25 51 Road
Queens,026,30,IS 73-Frank Sansivieri,70-02 54 Avenue
Queens,027,30,PS 58-School of Heroes,72-50 Grand Avenue
Queens,028,30,PS 229-Emanuel Kaplan,67-25 51 Road
Queens,029,30,PS 58-School of Heroes,72-50 Grand Avenue
Queens,030,30,PS 58-School of Heroes,72-50 Grand Avenue
Queens,031,30,PS 58-School of Heroes,72-50 Grand Avenue
Queens,032,30,Maspeth High School,54-40 74 Street
Queens,033,30,PS 139-Rego Park,93-06 63 Drive
Queens,034,30,Maspeth High School,54-40 74 Street
Queens,035,30,PS 70-Queens,30-44 43 Street
Queens,036,30,PS 229-Emanuel Kaplan,67-25 51 Road
Queens,037,30,PS 229-Emanuel Kaplan,67-25 51 Road
Queens,038,30,PS 112-Dutch Kills,25-05 37 Avenue
Queens,039,30,"Big Six Towers, Inc.",59-15 47 Avenue
Queens,040,30,"Big Six Towers, Inc.",59-15 47 Avenue
Queens,041,30,IS 125-Thom J. McCann Woodside,46-02 47 Avenue
Queens,042,30,IS 125-Thom J. McCann Woodside,46-02 47 Avenue
Queens,043,30,CWV Post 870,39-46 61 Street
Queens,044,30,CWV Post 870,39-46 61 Street
Queens,045,30,St. Sebastian's Catholic Academy,39-76 58 Street
Queens,046,30,Queen of Angels Parish Center,43-18 Skillman Avenue
Queens,047,30,Woodside Library,54-22 Skillman Avenue
Queens,048,30,St. Sebastian's Catholic Academy,39-76 58 Street
Queens,049,30,St. Sebastian's Catholic Academy,39-76 58 Street
Queens,050,30,St. Sebastian's Catholic Academy,39-76 58 Street
Queens,051,30,St. Sebastian's Catholic Academy,39-76 58 Street
Queens,052,30,St. Sebastian's Catholic Academy,39-76 58 Street
Queens,053,30,"Big Six Towers, Inc.",59-15 47 Avenue
Queens,054,30,PS 361 - The Woodside Community School,39-07 57 Street
Queens,055,30,Academy of the City Charter School,31-29 60 Street
Queens,056,30,PS 112-Dutch Kills,25-05 37 Avenue
Queens,057,30,Samaritan/Woodside Sr. Center,50-37 Newtown Road
Queens,058,30,Samaritan/Woodside Sr. Center,50-37 Newtown Road
Queens,059,30,Samaritan/Woodside Sr. Center,50-37 Newtown Road
Queens,060,30,Academy of the City Charter School,31-29 60 Street
Queens,061,30,Boulevard Gardens,51-42 30 Avenue
Queens,062,30,Frank Sinatra HS,35-12 35 Avenue
Queens,063,30,PS 70-Queens,30-44 43 Street
Queens,064,30,PS 70-Queens,30-44 43 Street
Queens,065,30,PS 150-Queens,40-01 43 Avenue
Queens,066,30,Frank Sinatra HS,35-12 35 Avenue
Queens,067,30,Frank Sinatra HS,35-12 35 Avenue
Queens,068,30,PS 166-Henry Gradstein,33-09 35 Avenue
Queens,069,30,PS 112-Dutch Kills,25-05 37 Avenue
Queens,070,30,PS 58-School of Heroes,72-50 Grand Avenue
Queens,071,30,Holy Cross Church,61-21 56 Road
Queens,072,30,PS 229-Emanuel Kaplan,67-25 51 Road
Queens,073,30,Maspeth High School,54-40 74 Street
Queens,074,30,IS 73-Frank Sansivieri,70-02 54 Avenue
Queens,075,30,PS 229-Emanuel Kaplan,67-25 51 Road
Queens,076,30,PS 361 - The Woodside Community School,39-07 57 Street
Queens,077,30,St. Sebastian's Catholic Academy,39-76 58 Street
Queens,078,30,Frank Sinatra HS,35-12 35 Avenue
Queens,079,30,PS 112-Dutch Kills,25-05 37 Avenue
Queens,080,30,Queen of Angels Parish Center,43-18 Skillman Avenue
Queens,081,30,NORC Program Community Room,60-10 Queens Boulevard
Queens,082,30,Boulevard Gardens,51-42 30 Avenue
Queens,001,31,PS 108-Captain Vincent G. Fowler,108-10 109 Avenue
Queens,002,31,PS 108-Captain Vincent G. Fowler,108-10 109 Avenue
Queens,003,31,PS 108-Captain Vincent G. Fowler,108-10 109 Avenue
Queens,004,31,PS 100-Glen Morris,111-11 118 Street
Queens,005,31,PS 108-Captain Vincent G. Fowler,108-10 109 Avenue
Queens,006,31,PS 108-Captain Vincent G. Fowler,108-10 109 Avenue
Queens,007,31,PS 100-Glen Morris,111-11 118 Street
Queens,008,31,JHS 226-Virgil I. Grissom,121-10 Rockaway Boulevard
Queens,009,31,PS 100-Glen Morris,111-11 118 Street
Queens,010,31,PS 100-Glen Morris,111-11 118 Street
Queens,011,31,PS 121-Queens,126-10 109 Avenue
Queens,012,31,PS 100-Glen Morris,111-11 118 Street
Queens,013,31,PS 121-Queens,126-10 109 Avenue
Queens,014,31,PS 121-Queens,126-10 109 Avenue
Queens,015,31,PS 121-Queens,126-10 109 Avenue
Queens,016,31,PS 121-Queens,126-10 109 Avenue
Queens,017,31,PS 124-Osmond A Church,129-15 150 Avenue
Queens,018,31,JHS 226-Virgil I. Grissom,121-10 Rockaway Boulevard
Queens,019,31,PS 124-Osmond A Church,129-15 150 Avenue
Queens,020,31,PS 124-Osmond A Church,129-15 150 Avenue
Queens,021,31,Arverne Pilgrim Church,74-16 Beach Channel Drive
Queens,022,31,JHS 226-Virgil I. Grissom,121-10 Rockaway Boulevard
Queens,023,31,JHS 226-Virgil I. Grissom,121-10 Rockaway Boulevard
Queens,024,31,JHS 226-Virgil I. Grissom,121-10 Rockaway Boulevard
Queens,025,31,JHS 226-Virgil I. Grissom,121-10 Rockaway Boulevard
Queens,026,31,JHS 226-Virgil I. Grissom,121-10 Rockaway Boulevard
Queens,027,31,JHS 226-Virgil I. Grissom,121-10 Rockaway Boulevard
Queens,028,31,JHS 226-Virgil I. Grissom,121-10 Rockaway Boulevard
Queens,029,31,IS 231-Magnetech 2000,145-00 Springfield Boulevard
Queens,030,31,Peninsula Library,92-25 Rockaway Beach Boulevard
Queens,031,31,Peninsula Library,92-25 Rockaway Beach Boulevard
Queens,032,31,Hammel Comm Center,81-14 Rockaway Beach Boulevard
Queens,033,31,PS 52-Queens,178-37 146 Terrace
Queens,034,31,PS 52-Queens,178-37 146 Terrace
Queens,035,31,PS 52-Queens,178-37 146 Terrace
Queens,036,31,PS 52-Queens,178-37 146 Terrace
Queens,037,31,PS 52-Queens,178-37 146 Terrace
Queens,038,31,IS 231-Magnetech 2000,145-00 Springfield Boulevard
Queens,039,31,Arverne Pilgrim Church,74-16 Beach Channel Drive
Queens,040,31,IS 231-Magnetech 2000,145-00 Springfield Boulevard
Queens,041,31,IS 231-Magnetech 2000,145-00 Springfield Boulevard
Queens,042,31,PS 181-Brookfield,148-15 230 Street
Queens,043,31,PS 181-Brookfield,148-15 230 Street
Queens,044,31,PS 138-Sunrise,251-11 Weller Avenue
Queens,045,31,Ocean Village,57-15 Shore Front Parkway
Queens,046,31,PS 181-Brookfield,148-15 230 Street
Queens,047,31,PS 181-Brookfield,148-15 230 Street
Queens,048,31,Arverne Pilgrim Church,74-16 Beach Channel Drive
Queens,049,31,PS/MS 42 - Robert Vernam School,488 Beach 66 Street
Queens,050,31,Redfern Community Center,15-44 Hassock Street
Queens,051,31,PS 215 - Lucretia Mott,5-35 Briar Place
Queens,052,31,PS 215 - Lucretia Mott,5-35 Briar Place
Queens,053,31,PS 215 - Lucretia Mott,5-35 Briar Place
Queens,054,31,PS 215 - Lucretia Mott,5-35 Briar Place
Queens,055,31,Redfern Community Center,15-44 Hassock Street
Queens,056,31,PS 104-Bays Water,26-01 Mott Avenue
Queens,057,31,PS/MS 42 - Robert Vernam School,488 Beach 66 Street
Queens,058,31,Beach 41st Street Community Center,426 Beach 40 Street
Queens,059,31,Beach 41st Street Community Center,426 Beach 40 Street
Queens,060,31,Beach 41st Street Community Center,426 Beach 40 Street
Queens,061,31,PS 105-The Bay School,420 Beach 51 Street
Queens,062,31,MS 333-Goldie Maple Academy,365 Beach 57 Street
Queens,063,31,MS 333-Goldie Maple Academy,365 Beach 57 Street
Queens,064,31,Ocean Village,57-15 Shore Front Parkway
Queens,065,31,PS 124-Osmond A Church,129-15 150 Avenue
Queens,066,31,PS 124-Osmond A Church,129-15 150 Avenue
Queens,067,31,PS 124-Osmond A Church,129-15 150 Avenue
Queens,068,31,PS 124-Osmond A Church,129-15 150 Avenue
Queens,069,31,PS 124-Osmond A Church,129-15 150 Avenue
Queens,070,31,PS 124-Osmond A Church,129-15 150 Avenue
Queens,071,31,PS 104-Bays Water,26-01 Mott Avenue
Queens,072,31,Ocean Village,57-15 Shore Front Parkway
Queens,073,31,Redfern Community Center,15-44 Hassock Street
Queens,074,31,IS 231-Magnetech 2000,145-00 Springfield Boulevard
Queens,075,31,PS 124-Osmond A Church,129-15 150 Avenue
Queens,076,31,PS 124-Osmond A Church,129-15 150 Avenue
Queens,077,31,PS 124-Osmond A Church,129-15 150 Avenue
Queens,078,31,JHS 226-Virgil I. Grissom,121-10 Rockaway Boulevard
Queens,079,31,PS 215 - Lucretia Mott,5-35 Briar Place
Queens,080,31,PS 108-Captain Vincent G. Fowler,108-10 109 Avenue
Queens,081,31,PS 100-Glen Morris,111-11 118 Street
Queens,082,31,JHS 226-Virgil I. Grissom,121-10 Rockaway Boulevard
Queens,083,31,PS 138-Sunrise,251-11 Weller Avenue
Queens,084,31,PS 181-Brookfield,148-15 230 Street
Queens,085,31,Beach 41st Street Community Center,426 Beach 40 Street
Queens,086,31,PS/MS 42 - Robert Vernam School,488 Beach 66 Street
Queens,001,32,PS 182 Samantha Smith,153-27 88 Avenue
Queens,002,32,PS 182 Samantha Smith,153-27 88 Avenue
Queens,003,32,Grace Houses,155-02 90 Avenue
Queens,004,32,Grace Houses,155-02 90 Avenue
Queens,005,32,PS 182 Samantha Smith,153-27 88 Avenue
Queens,006,32,PS 82-Hammond,88-02 144 Street
Queens,007,32,PS 182 Samantha Smith,153-27 88 Avenue
Queens,008,32,PS 182 Samantha Smith,153-27 88 Avenue
Queens,009,32,PS 82-Hammond,88-02 144 Street
Queens,010,32,PS 82-Hammond,88-02 144 Street
Queens,011,32,PS 82-Hammond,88-02 144 Street
Queens,012,32,PS 50-Talfourd Lawn Elementary School,143-26 101 Avenue
Queens,013,32,PS 50-Talfourd Lawn Elementary School,143-26 101 Avenue
Queens,014,32,PS/IS 314,88-08 164 Street
Queens,015,32,PS 40-Samuel Huntington,109-20 Union Hall Street
Queens,016,32,PS 40-Samuel Huntington,109-20 Union Hall Street
Queens,017,32,PS 50-Talfourd Lawn Elementary School,143-26 101 Avenue
Queens,018,32,PS 55-Maure,131-10 97 Avenue
Queens,019,32,PS 55-Maure,131-10 97 Avenue
Queens,020,32,PS 55-Maure,131-10 97 Avenue
Queens,021,32,PS 50-Talfourd Lawn Elementary School,143-26 101 Avenue
Queens,022,32,PS 48  William Wordsworth,108-29 155 Street
Queens,023,32,PS 50-Talfourd Lawn Elementary School,143-26 101 Avenue
Queens,024,32,PS 50-Talfourd Lawn Elementary School,143-26 101 Avenue
Queens,025,32,PS 48  William Wordsworth,108-29 155 Street
Queens,026,32,PS 40-Samuel Huntington,109-20 Union Hall Street
Queens,027,32,PS 40-Samuel Huntington,109-20 Union Hall Street
Queens,028,32,PS 48  William Wordsworth,108-29 155 Street
Queens,029,32,PS 142-Queens Transition Center /Queens Academy,142-10 Linden Boulevard
Queens,030,32,PS 142-Queens Transition Center /Queens Academy,142-10 Linden Boulevard
Queens,031,32,PS 121-Queens,126-10 109 Avenue
Queens,032,32,PS 55-Maure,131-10 97 Avenue
Queens,033,32,PS 142-Queens Transition Center /Queens Academy,142-10 Linden Boulevard
Queens,034,32,PS 142-Queens Transition Center /Queens Academy,142-10 Linden Boulevard
Queens,035,32,PS 142-Queens Transition Center /Queens Academy,142-10 Linden Boulevard
Queens,036,32,PS 140-Edward K. Elllington,166-01 116 Avenue
Queens,037,32,PS 140-Edward K. Elllington,166-01 116 Avenue
Queens,038,32,PS 140-Edward K. Elllington,166-01 116 Avenue
Queens,039,32,PS 223-Lyndon B. Johnson,125-20 Sutphin Boulevard
Queens,040,32,JHS 8-Richard S. Grossley,108-35 167 Street
Queens,041,32,JHS 8-Richard S. Grossley,108-35 167 Street
Queens,042,32,JHS 8-Richard S. Grossley,108-35 167 Street
Queens,043,32,Allen AME Senior Center,112-04 167 Street
Queens,044,32,PS 140-Edward K. Elllington,166-01 116 Avenue
Queens,045,32,PS 140-Edward K. Elllington,166-01 116 Avenue
Queens,046,32,Merrick Park Baptist Church,120-02 Marsden Street
Queens,047,32,Merrick Park Baptist Church,120-02 Marsden Street
Queens,048,32,Merrick Park Baptist Church,120-02 Marsden Street
Queens,049,32,PS 223-Lyndon B. Johnson,125-20 Sutphin Boulevard
Queens,050,32,PS 223-Lyndon B. Johnson,125-20 Sutphin Boulevard
Queens,051,32,PS 223-Lyndon B. Johnson,125-20 Sutphin Boulevard
Queens,052,32,PS 223-Lyndon B. Johnson,125-20 Sutphin Boulevard
Queens,053,32,PS 223-Lyndon B. Johnson,125-20 Sutphin Boulevard
Queens,054,32,PS 223-Lyndon B. Johnson,125-20 Sutphin Boulevard
Queens,055,32,PS 223-Lyndon B. Johnson,125-20 Sutphin Boulevard
Queens,056,32,August Martin HS,156-10 Baisley Boulevard
Queens,057,32,August Martin HS,156-10 Baisley Boulevard
Queens,058,32,August Martin HS,156-10 Baisley Boulevard
Queens,059,32,PS 80-Thurgood Marshall Magnet,171-05 137 Avenue
Queens,060,32,PS 80-Thurgood Marshall Magnet,171-05 137 Avenue
Queens,061,32,PS 80-Thurgood Marshall Magnet,171-05 137 Avenue
Queens,062,32,PS 80-Thurgood Marshall Magnet,171-05 137 Avenue
Queens,063,32,PS 80-Thurgood Marshall Magnet,171-05 137 Avenue
Queens,064,32,MS 72-Catherine & Count Basie,133-25 Guy R Brewer Boulevard
Queens,065,32,MS 72-Catherine & Count Basie,133-25 Guy R Brewer Boulevard
Queens,066,32,MS 72-Catherine & Count Basie,133-25 Guy R Brewer Boulevard
Queens,067,32,MS 72-Catherine & Count Basie,133-25 Guy R Brewer Boulevard
Queens,068,32,PS 354 aka PS 30 Queens,126-10 Bedell Street
Queens,069,32,PS 354 aka PS 30 Queens,126-10 Bedell Street
Queens,070,32,PS 354 aka PS 30 Queens,126-10 Bedell Street
Queens,071,32,MS 72-Catherine & Count Basie,133-25 Guy R Brewer Boulevard
Queens,072,32,PS 354 aka PS 30 Queens,126-10 Bedell Street
Queens,073,32,PS 37-Cynthia Jenkins School,179-37 137 Avenue
Queens,074,32,PS 37-Cynthia Jenkins School,179-37 137 Avenue
Queens,075,32,August Martin HS,156-10 Baisley Boulevard
Queens,076,32,August Martin HS,156-10 Baisley Boulevard
Queens,077,32,PS 40-Samuel Huntington,109-20 Union Hall Street
Queens,078,32,Merrick Park Baptist Church,120-02 Marsden Street
Queens,079,32,JHS 8-Richard S. Grossley,108-35 167 Street
Queens,080,32,PS 182 Samantha Smith,153-27 88 Avenue
Queens,081,32,PS 48  William Wordsworth,108-29 155 Street
Queens,082,32,PS 142-Queens Transition Center /Queens Academy,142-10 Linden Boulevard
Queens,083,32,PS 142-Queens Transition Center /Queens Academy,142-10 Linden Boulevard
Queens,084,32,PS 80-Thurgood Marshall Magnet,171-05 137 Avenue
Queens,001,33,PS 191-Mayflower,85-15 258 Street
Queens,002,33,PS 191-Mayflower,85-15 258 Street
Queens,003,33,PS 191-Mayflower,85-15 258 Street
Queens,004,33,PS 191-Mayflower,85-15 258 Street
Queens,005,33,PS 191-Mayflower,85-15 258 Street
Queens,006,33,PS 191-Mayflower,85-15 258 Street
Queens,007,33,PS 191-Mayflower,85-15 258 Street
Queens,008,33,PS 191-Mayflower,85-15 258 Street
Queens,009,33,PS 191-Mayflower,85-15 258 Street
Queens,010,33,PS 18-Winchester,86-35 235 Court
Queens,011,33,PS 18-Winchester,86-35 235 Court
Queens,012,33,PS 18-Winchester,86-35 235 Court
Queens,013,33,PS 33-Edward M. Funk,91-37 222 Street
Queens,014,33,PS 33-Edward M. Funk,91-37 222 Street
Queens,015,33,PS 33-Edward M. Funk,91-37 222 Street
Queens,016,33,PS 295,222-14 Jamaica Avenue
Queens,017,33,PS 295,222-14 Jamaica Avenue
Queens,018,33,PS 33-Edward M. Funk,91-37 222 Street
Queens,019,33,PS 33-Edward M. Funk,91-37 222 Street
Queens,020,33,JHS 109-Jean Nuzzi Intermediate School,213-10 92 Avenue
Queens,021,33,JHS 109-Jean Nuzzi Intermediate School,213-10 92 Avenue
Queens,022,33,JHS 109-Jean Nuzzi Intermediate School,213-10 92 Avenue
Queens,023,33,JHS 109-Jean Nuzzi Intermediate School,213-10 92 Avenue
Queens,024,33,PS 135-Bellaire School,207-11 89 Avenue
Queens,025,33,JHS 109-Jean Nuzzi Intermediate School,213-10 92 Avenue
Queens,026,33,JHS 109-Jean Nuzzi Intermediate School,213-10 92 Avenue
Queens,027,33,PS 135-Bellaire School,207-11 89 Avenue
Queens,028,33,PS 135-Bellaire School,207-11 89 Avenue
Queens,029,33,PS 118-Lorraine Hansberry,190-20 109 Road
Queens,030,33,PS 118-Lorraine Hansberry,190-20 109 Road
Queens,031,33,PS 134-Hollis,203-06 109 Avenue
Queens,032,33,PS 118-Lorraine Hansberry,190-20 109 Road
Queens,033,33,PS 118-Lorraine Hansberry,190-20 109 Road
Queens,034,33,PS 118-Lorraine Hansberry,190-20 109 Road
Queens,035,33,St. Albans Library,191-05 Linden Boulevard
Queens,036,33,St. Albans Library,191-05 Linden Boulevard
Queens,037,33,Andrew Jackson HS,207-01 116 Avenue
Queens,038,33,IS 192-The Linden,109-89 204 Street
Queens,039,33,PS 134-Hollis,203-06 109 Avenue
Queens,040,33,PS 134-Hollis,203-06 109 Avenue
Queens,041,33,PS 134-Hollis,203-06 109 Avenue
Queens,042,33,PS 134-Hollis,203-06 109 Avenue
Queens,043,33,PS 34-John Harvard,104-12 Springfield Boulevard
Queens,044,33,PS 134-Hollis,203-06 109 Avenue
Queens,045,33,IS 192-The Linden,109-89 204 Street
Queens,046,33,IS 192-The Linden,109-89 204 Street
Queens,047,33,PS 34-John Harvard,104-12 Springfield Boulevard
Queens,048,33,PS 34-John Harvard,104-12 Springfield Boulevard
Queens,049,33,Church of the Nazarene,99-15 Springfield Boulevard
Queens,050,33,Church of the Nazarene,99-15 Springfield Boulevard
Queens,051,33,Church of the Nazarene,99-15 Springfield Boulevard
Queens,052,33,PS 34-John Harvard,104-12 Springfield Boulevard
Queens,053,33,PS 34-John Harvard,104-12 Springfield Boulevard
Queens,054,33,PS 34-John Harvard,104-12 Springfield Boulevard
Queens,055,33,PS 34-John Harvard,104-12 Springfield Boulevard
Queens,056,33,Holy Trinity Parish Church,222-05 116 Avenue
Queens,057,33,Andrew Jackson HS,207-01 116 Avenue
Queens,058,33,Andrew Jackson HS,207-01 116 Avenue
Queens,059,33,Andrew Jackson HS,207-01 116 Avenue
Queens,060,33,Andrew Jackson HS,207-01 116 Avenue
Queens,061,33,Andrew Jackson HS,207-01 116 Avenue
Queens,062,33,Andrew Jackson HS,207-01 116 Avenue
Queens,063,33,Andrew Jackson HS,207-01 116 Avenue
Queens,064,33,Andrew Jackson HS,207-01 116 Avenue
Queens,065,33,Holy Trinity Parish Church,222-05 116 Avenue
Queens,066,33,Holy Trinity Parish Church,222-05 116 Avenue
Queens,067,33,Holy Trinity Parish Church,222-05 116 Avenue
Queens,068,33,PS 176,120-45 235 Street
Queens,069,33,Holy Trinity Parish Church,222-05 116 Avenue
Queens,070,33,PS 176,120-45 235 Street
Queens,071,33,PS 176,120-45 235 Street
Queens,072,33,PS 134-Hollis,203-06 109 Avenue
Queens,073,33,PS 34-John Harvard,104-12 Springfield Boulevard
Queens,074,33,JHS 109-Jean Nuzzi Intermediate School,213-10 92 Avenue
Queens,075,33,PS 191-Mayflower,85-15 258 Street
Queens,076,33,PS 135-Bellaire School,207-11 89 Avenue
Queens,077,33,PS 118-Lorraine Hansberry,190-20 109 Road
Queens,078,33,Andrew Jackson HS,207-01 116 Avenue
Queens,079,33,PS 34-John Harvard,104-12 Springfield Boulevard
Queens,001,34,PS 19-Marino Jeantet,40-32 99 Street
Queens,002,34,PS 19-Marino Jeantet,40-32 99 Street
Queens,003,34,PS 19-Marino Jeantet,40-32 99 Street
Queens,004,34,PS 149-Christa McAuliffe,93-11 34 Avenue
Queens,005,34,PS 19-Marino Jeantet,40-32 99 Street
Queens,006,34,PS 19-Marino Jeantet,40-32 99 Street
Queens,007,34,PS 19-Marino Jeantet,40-32 99 Street
Queens,008,34,PS 222-Christopher A.Santora School,86-15 37 Avenue
Queens,009,34,PS 222-Christopher A.Santora School,86-15 37 Avenue
Queens,010,34,Lexington School,26-26 75 Street
Queens,011,34,The Korean Church Of Queens,89-00 23 Avenue
Queens,012,34,PS 149-Christa McAuliffe,93-11 34 Avenue
Queens,013,34,PS 149-Christa McAuliffe,93-11 34 Avenue
Queens,014,34,PS 222-Christopher A.Santora School,86-15 37 Avenue
Queens,015,34,PS 222-Christopher A.Santora School,86-15 37 Avenue
Queens,016,34,PS 222-Christopher A.Santora School,86-15 37 Avenue
Queens,017,34,PS 149-Christa McAuliffe,93-11 34 Avenue
Queens,018,34,PS 149-Christa McAuliffe,93-11 34 Avenue
Queens,019,34,PS 228,32-65 93 Street
Queens,020,34,PS 228,32-65 93 Street
Queens,021,34,PS 228,32-65 93 Street
Queens,022,34,PS 212,34-25 82 Street
Queens,023,34,PS 212,34-25 82 Street
Queens,024,34,PS 212,34-25 82 Street
Queens,025,34,IS 145-Joseph Pulitzer,33-34 80 Street
Queens,026,34,IS 145-Joseph Pulitzer,33-34 80 Street
Queens,027,34,IS 145-Joseph Pulitzer,33-34 80 Street
Queens,028,34,IS 230,73-10 34 Avenue
Queens,029,34,IS 230,73-10 34 Avenue
Queens,030,34,IS 230,73-10 34 Avenue
Queens,031,34,IS 230,73-10 34 Avenue
Queens,032,34,IS 230,73-10 34 Avenue
Queens,033,34,PS 152-Gwendoline N.Alleyne School,33-52 62 Street
Queens,034,34,PS 19-Marino Jeantet,40-32 99 Street
Queens,035,34,IS 145-Joseph Pulitzer,33-34 80 Street
Queens,036,34,IS 145-Joseph Pulitzer,33-34 80 Street
Queens,037,34,IS 145-Joseph Pulitzer,33-34 80 Street
Queens,038,34,PS 152-Gwendoline N.Alleyne School,33-52 62 Street
Queens,039,34,Lexington School,26-26 75 Street
Queens,040,34,Lexington School,26-26 75 Street
Queens,041,34,Lexington School,26-26 75 Street
Queens,042,34,Lexington School,26-26 75 Street
Queens,043,34,Academy of the City Charter School,31-29 60 Street
Queens,044,34,PS 152-Gwendoline N.Alleyne School,33-52 62 Street
Queens,045,34,PS 152-Gwendoline N.Alleyne School,33-52 62 Street
Queens,046,34,PS 12-James B. Colgate,42-00 72 Street
Queens,047,34,PS 12-James B. Colgate,42-00 72 Street
Queens,048,34,PS 152-Gwendoline N.Alleyne School,33-52 62 Street
Queens,049,34,PS 361 - The Woodside Community School,39-07 57 Street
Queens,050,34,PS 361 - The Woodside Community School,39-07 57 Street
Queens,051,34,St. Sebastian's Catholic Academy,39-76 58 Street
Queens,052,34,St. Sebastian's Catholic Academy,39-76 58 Street
Queens,053,34,PS 229-Emanuel Kaplan,67-25 51 Road
Queens,054,34,PS 229-Emanuel Kaplan,67-25 51 Road
Queens,055,34,PS 229-Emanuel Kaplan,67-25 51 Road
Queens,056,34,PS 229-Emanuel Kaplan,67-25 51 Road
Queens,057,34,PS 12-James B. Colgate,42-00 72 Street
Queens,058,34,PS 12-James B. Colgate,42-00 72 Street
Queens,059,34,PS 12-James B. Colgate,42-00 72 Street
Queens,060,34,PS 12-James B. Colgate,42-00 72 Street
Queens,061,34,IS 5-Walter Crowley Intermediate School,50-40 Jacobus Street
Queens,062,34,IS 5-Walter Crowley Intermediate School,50-40 Jacobus Street
Queens,063,34,IS 145-Joseph Pulitzer,33-34 80 Street
Queens,064,34,IS 230,73-10 34 Avenue
Queens,065,34,PS 149-Christa McAuliffe,93-11 34 Avenue
Queens,066,34,PS 222-Christopher A.Santora School,86-15 37 Avenue
Queens,067,34,PS 212,34-25 82 Street
Queens,068,34,PS 212,34-25 82 Street
Queens,069,34,IS 230,73-10 34 Avenue
Queens,070,34,PS 152-Gwendoline N.Alleyne School,33-52 62 Street
Queens,071,34,St. Sebastian's Catholic Academy,39-76 58 Street
Queens,072,34,PS 149-Christa McAuliffe,93-11 34 Avenue
Queens,073,34,The Korean Church Of Queens,89-00 23 Avenue
Queens,001,35,PS 102-Bayview,55-24 Van Horn Street
Queens,002,35,PS 102-Bayview,55-24 Van Horn Street
Queens,003,35,PS 102-Bayview,55-24 Van Horn Street
Queens,004,35,PS 102-Bayview,55-24 Van Horn Street
Queens,005,35,PS 102-Bayview,55-24 Van Horn Street
Queens,006,35,Queens Library at Elmhurst,86-07 Broadway
Queens,007,35,Newtown HS,48-01 90 Street
Queens,008,35,Newtown HS,48-01 90 Street
Queens,009,35,PS 13-Clement C. Moore,55-01 94 Street
Queens,010,35,PS 13-Clement C. Moore,55-01 94 Street
Queens,011,35,Newtown HS,48-01 90 Street
Queens,012,35,PS 13-Clement C. Moore,55-01 94 Street
Queens,013,35,PS 143-Louis Armstrong,34-74 113 Street
Queens,014,35,PS 13-Clement C. Moore,55-01 94 Street
Queens,015,35,PS 13-Clement C. Moore,55-01 94 Street
Queens,016,35,High School for Arts and Business,105-25 Horace Harding Expressway North
Queens,017,35,High School for Arts and Business,105-25 Horace Harding Expressway North
Queens,018,35,High School for Arts and Business,105-25 Horace Harding Expressway North
Queens,019,35,IS 61-Leonardo Da Vinci,98-50 50 Avenue
Queens,020,35,First Baptist Church Of Corona,100-10 Astoria Boulevard
Queens,021,35,High School for Arts and Business,105-25 Horace Harding Expressway North
Queens,022,35,High School for Arts and Business,105-25 Horace Harding Expressway North
Queens,023,35,PS 206-Horace Harding School,61-02 98 Street
Queens,024,35,PS 206-Horace Harding School,61-02 98 Street
Queens,025,35,PS 13-Clement C. Moore,55-01 94 Street
Queens,026,35,PS 206-Horace Harding School,61-02 98 Street
Queens,027,35,PS 206-Horace Harding School,61-02 98 Street
Queens,028,35,PS 206-Horace Harding School,61-02 98 Street
Queens,029,35,High School for Arts and Business,105-25 Horace Harding Expressway North
Queens,030,35,PS 220-Edward Mandel,62-10 108 Street
Queens,031,35,PS 220-Edward Mandel,62-10 108 Street
Queens,032,35,PS 220-Edward Mandel,62-10 108 Street
Queens,033,35,Queens Library at Elmhurst,86-07 Broadway
Queens,034,35,PS 220-Edward Mandel,62-10 108 Street
Queens,035,35,PS 14-Fairview,107-01 Otis Avenue
Queens,036,35,Newtown HS,48-01 90 Street
Queens,037,35,PS 143-Louis Armstrong,34-74 113 Street
Queens,038,35,PS 143-Louis Armstrong,34-74 113 Street
Queens,039,35,PS 143-Louis Armstrong,34-74 113 Street
Queens,040,35,"Corona Congregational Church, Inc.",102-19 34 Avenue
Queens,041,35,"Corona Congregational Church, Inc.",102-19 34 Avenue
Queens,042,35,PS 92-Harry T.Stewart Sr.,99-01 34 Avenue
Queens,043,35,PS 92-Harry T.Stewart Sr.,99-01 34 Avenue
Queens,044,35,PS 92-Harry T.Stewart Sr.,99-01 34 Avenue
Queens,045,35,"Corona Congregational Church, Inc.",102-19 34 Avenue
Queens,046,35,First Baptist Church Of Corona,100-10 Astoria Boulevard
Queens,047,35,First Baptist Church Of Corona,100-10 Astoria Boulevard
Queens,048,35,First Baptist Church Of Corona,100-10 Astoria Boulevard
Queens,049,35,Lexington School,26-26 75 Street
Queens,050,35,The Korean Church Of Queens,89-00 23 Avenue
Queens,051,35,The Korean Church Of Queens,89-00 23 Avenue
Queens,052,35,First Baptist Church Of Corona,100-10 Astoria Boulevard
Queens,053,35,First Baptist Church Of Corona,100-10 Astoria Boulevard
Queens,054,35,PS 206-Horace Harding School,61-02 98 Street
Queens,055,35,PS 206-Horace Harding School,61-02 98 Street
Queens,056,35,First Baptist Church Of Corona,100-10 Astoria Boulevard
Queens,057,35,PS 14-Fairview,107-01 Otis Avenue
Queens,058,35,PS 14-Fairview,107-01 Otis Avenue
Queens,059,35,The Korean Church Of Queens,89-00 23 Avenue
Queens,060,35,First Baptist Church Of Corona,100-10 Astoria Boulevard
Queens,061,35,PS 143-Louis Armstrong,34-74 113 Street
Queens,062,35,PS 206-Horace Harding School,61-02 98 Street
Queens,063,35,PS 13-Clement C. Moore,55-01 94 Street
Queens,064,35,PS 206-Horace Harding School,61-02 98 Street
Queens,065,35,"Corona Congregational Church, Inc.",102-19 34 Avenue
Queens,066,35,The Korean Church Of Queens,89-00 23 Avenue
Queens,001,36,Queensview  Inc.,21-15 34 Avenue
Queens,002,36,Queensview  Inc.,21-15 34 Avenue
Queens,003,36,Queensview  Inc.,21-15 34 Avenue
Queens,004,36,PS 166-Henry Gradstein,33-09 35 Avenue
Queens,005,36,PS 166-Henry Gradstein,33-09 35 Avenue
Queens,006,36,PS 166-Henry Gradstein,33-09 35 Avenue
Queens,007,36,PS 234,30-15 29 Street
Queens,008,36,PS 234,30-15 29 Street
Queens,009,36,Catherine Sheridan House,31-41 23 Street
Queens,010,36,The Vallone Family Senior Residence,21-05 30 Drive
Queens,011,36,PS 171-Peter G. Van Alst,14-14 29 Avenue
Queens,012,36,PS 171-Peter G. Van Alst,14-14 29 Avenue
Queens,013,36,PS 234,30-15 29 Street
Queens,014,36,PS 171-Peter G. Van Alst,14-14 29 Avenue
Queens,015,36,PS 171-Peter G. Van Alst,14-14 29 Avenue
Queens,016,36,PS 17-Henry David Thoreau,28-37 29 Street
Queens,017,36,PS 234,30-15 29 Street
Queens,018,36,PS 234,30-15 29 Street
Queens,019,36,PS 17-Henry David Thoreau,28-37 29 Street
Queens,020,36,PS 234,30-15 29 Street
Queens,021,36,PS 17-Henry David Thoreau,28-37 29 Street
Queens,022,36,PS 70-Queens,30-44 43 Street
Queens,023,36,PS 70-Queens,30-44 43 Street
Queens,024,36,PS 70-Queens,30-44 43 Street
Queens,025,36,PS 70-Queens,30-44 43 Street
Queens,026,36,PS 166-Henry Gradstein,33-09 35 Avenue
Queens,027,36,PS 70-Queens,30-44 43 Street
Queens,028,36,PS 70-Queens,30-44 43 Street
Queens,029,36,PS 70-Queens,30-44 43 Street
Queens,030,36,PS 70-Queens,30-44 43 Street
Queens,031,36,PS 70-Queens,30-44 43 Street
Queens,032,36,PS 70-Queens,30-44 43 Street
Queens,033,36,PS 84-Steinway,22-45 41 Street
Queens,034,36,PS 85-Judge Charles Vallone,23-70 31 Street
Queens,035,36,PS 85-Judge Charles Vallone,23-70 31 Street
Queens,036,36,PS 85-Judge Charles Vallone,23-70 31 Street
Queens,037,36,PS 85-Judge Charles Vallone,23-70 31 Street
Queens,038,36,PS 85-Judge Charles Vallone,23-70 31 Street
Queens,039,36,PS 85-Judge Charles Vallone,23-70 31 Street
Queens,040,36,PS 122-Mamie Fay,21-21 Ditmars Boulevard
Queens,041,36,PS 122-Mamie Fay,21-21 Ditmars Boulevard
Queens,042,36,PS 122-Mamie Fay,21-21 Ditmars Boulevard
Queens,043,36,PS 70-Queens,30-44 43 Street
Queens,044,36,PS 152-Gwendoline N.Alleyne School,33-52 62 Street
Queens,045,36,PS 171-Peter G. Van Alst,14-14 29 Avenue
Queens,046,36,PS 2,75-10 21st Avenue
Queens,047,36,PS 2,75-10 21st Avenue
Queens,048,36,PS 2,75-10 21st Avenue
Queens,049,36,PS 166-Henry Gradstein,33-09 35 Avenue
Queens,050,36,Lexington School,26-26 75 Street
Queens,051,36,PS 70-Queens,30-44 43 Street
Queens,052,36,PS 17-Henry David Thoreau,28-37 29 Street
Queens,053,36,PS 84-Steinway,22-45 41 Street
Queens,054,36,PS 84-Steinway,22-45 41 Street
Queens,055,36,PS 84-Steinway,22-45 41 Street
Queens,056,36,PS 85-Judge Charles Vallone,23-70 31 Street
Queens,057,36,PS 85-Judge Charles Vallone,23-70 31 Street
Queens,058,36,PS 85-Judge Charles Vallone,23-70 31 Street
Queens,059,36,PS 85-Judge Charles Vallone,23-70 31 Street
Queens,060,36,PS 85-Judge Charles Vallone,23-70 31 Street
Queens,061,36,PS 122-Mamie Fay,21-21 Ditmars Boulevard
Queens,062,36,PS 122-Mamie Fay,21-21 Ditmars Boulevard
Queens,063,36,PS 122-Mamie Fay,21-21 Ditmars Boulevard
Queens,064,36,Frank Sinatra HS,35-12 35 Avenue
Queens,065,36,PS 166-Henry Gradstein,33-09 35 Avenue
Queens,066,36,PS 84-Steinway,22-45 41 Street
Queens,067,36,PS 122-Mamie Fay,21-21 Ditmars Boulevard
Queens,068,36,PS 166-Henry Gradstein,33-09 35 Avenue
Queens,069,36,Lexington School,26-26 75 Street
Queens,070,36,PS 152-Gwendoline N.Alleyne School,33-52 62 Street
Queens,071,36,PS 84-Steinway,22-45 41 Street
Queens,072,36,The Vallone Family Senior Residence,21-05 30 Drive
Queens,073,36,PS 234,30-15 29 Street
Queens,074,36,PS 17-Henry David Thoreau,28-37 29 Street
Queens,075,36,Queensview  Inc.,21-15 34 Avenue
Queens,076,36,Frank Sinatra HS,35-12 35 Avenue
Queens,077,36,PS 234,30-15 29 Street
Queens,078,36,Catherine Sheridan House,31-41 23 Street
Queens,079,36,PS 84-Steinway,22-45 41 Street
Queens,080,36,PS 85-Judge Charles Vallone,23-70 31 Street
Queens,081,36,PS 85-Judge Charles Vallone,23-70 31 Street
Queens,082,36,PS 85-Judge Charles Vallone,23-70 31 Street
Queens,083,36,PS 2,75-10 21st Avenue
Queens,001,37,Goodwill Apartments,4-21 27 Avenue
Queens,002,37,Astoria Community Center,4-05 Astoria Boulevard
Queens,003,37,Astoria Community Center,4-05 Astoria Boulevard
Queens,004,37,Astoria Community Center,4-05 Astoria Boulevard
Queens,005,37,PS 171-Peter G. Van Alst,14-14 29 Avenue
Queens,006,37,PS 76-William Hallet,36-36 10 Street
Queens,007,37,Ravenswood Community Center,35-40 21 Street
Queens,008,37,Ravenswood Community Center,35-40 21 Street
Queens,009,37,Ravenswood Community Center,35-40 21 Street
Queens,010,37,PS 111 - Jacob Blackwell,37-15 13 Street
Queens,011,37,PS 112-Dutch Kills,25-05 37 Avenue
Queens,012,37,Queensbridge North Community Center,10-25 41 Avenue
Queens,013,37,Queensbridge North Community Center,10-25 41 Avenue
Queens,014,37,Queensbridge North Community Center,10-25 41 Avenue
Queens,015,37,Queensbridge North Community Center,10-25 41 Avenue
Queens,016,37,Queensbridge North Community Center,10-25 41 Avenue
Queens,017,37,Queensbridge North Community Center,10-25 41 Avenue
Queens,018,37,Information Technology H. S.,21-16 44 Road
Queens,019,37,IS 78 - Middle School,46-08 5 Street
Queens,020,37,PS 78,48-09 Center Boulevard
Queens,021,37,PS 78,48-09 Center Boulevard
Queens,022,37,New York Irish Center,10-40 Jackson Avenue
Queens,023,37,Hunter's Point Community Middle School,1-50 51 Avenue
Queens,024,37,Information Technology H. S.,21-16 44 Road
Queens,025,37,PS 199-Maurice A. Fitzgerald,39-20 48 Avenue
Queens,026,37,PS 199-Maurice A. Fitzgerald,39-20 48 Avenue
Queens,027,37,Queen of Angels Parish Center,43-18 Skillman Avenue
Queens,028,37,Queen of Angels Parish Center,43-18 Skillman Avenue
Queens,029,37,Queen of Angels Parish Center,43-18 Skillman Avenue
Queens,030,37,Queen of Angels Parish Center,43-18 Skillman Avenue
Queens,031,37,PS 150-Queens,40-01 43 Avenue
Queens,032,37,PS 150-Queens,40-01 43 Avenue
Queens,033,37,PS 150-Queens,40-01 43 Avenue
Queens,034,37,IS 125-Thom J. McCann Woodside,46-02 47 Avenue
Queens,035,37,IS 125-Thom J. McCann Woodside,46-02 47 Avenue
Queens,036,37,IS 125-Thom J. McCann Woodside,46-02 47 Avenue
Queens,037,37,IS 125-Thom J. McCann Woodside,46-02 47 Avenue
Queens,038,37,PS 199-Maurice A. Fitzgerald,39-20 48 Avenue
Queens,039,37,PS 199-Maurice A. Fitzgerald,39-20 48 Avenue
Queens,040,37,Holy Cross Church,61-21 56 Road
Queens,041,37,PS 290 - Academy for Scholars,55-20 Metropolitan Avenue
Queens,042,37,PS 290 - Academy for Scholars,55-20 Metropolitan Avenue
Queens,043,37,Holy Cross Church,61-21 56 Road
Queens,044,37,PS 153-Maspeth Elem,60-02 60 Lane
Queens,045,37,PS  71,62-85 Forest Avenue
Queens,046,37,PS 88-Seneca,60-85 Catalpa Avenue
Queens,047,37,PS 88-Seneca,60-85 Catalpa Avenue
Queens,048,37,PS 88-Seneca,60-85 Catalpa Avenue
Queens,049,37,Ridgewood YMCA,69-02 64 Street
Queens,050,37,Ridgewood YMCA,69-02 64 Street
Queens,051,37,Greater Ridgewood Youth Center,59-03 Summerfield St.
Queens,052,37,Greater Ridgewood Youth Center,59-03 Summerfield St.
Queens,053,37,PS 239,17-15 Weirfield Street
Queens,054,37,Queens Library at Ridgewood,20-12 Madison Street
Queens,055,37,Greater Ridgewood Youth Center,59-03 Summerfield St.
Queens,056,37,PS 81-Jean Paul Richter,599 Cypress Avenue
Queens,057,37,PS 305-Learners & Leaders,378 Seneca Avenue
Queens,058,37,PS 305-Learners & Leaders,378 Seneca Avenue
Queens,059,37,PS 305-Learners & Leaders,378 Seneca Avenue
Queens,060,37,PS 290 - Academy for Scholars,55-20 Metropolitan Avenue
Queens,061,37,PS 88-Seneca,60-85 Catalpa Avenue
Queens,062,37,Grover Clevland,21-27 Himrod Street
Queens,063,37,PS 199-Maurice A. Fitzgerald,39-20 48 Avenue
Queens,064,37,PS 199-Maurice A. Fitzgerald,39-20 48 Avenue
Queens,065,37,PS 199-Maurice A. Fitzgerald,39-20 48 Avenue
Queens,066,37,IS 125-Thom J. McCann Woodside,46-02 47 Avenue
Queens,067,37,Queens Library at Ridgewood,20-12 Madison Street
Queens,068,37,Grover Clevland,21-27 Himrod Street
Queens,069,37,PS 199-Maurice A. Fitzgerald,39-20 48 Avenue
Queens,070,37,PS 78,48-09 Center Boulevard
Queens,071,37,Astoria Community Center,4-05 Astoria Boulevard
Queens,072,37,Astoria Community Center,4-05 Astoria Boulevard
Queens,073,37,Astoria Community Center,4-05 Astoria Boulevard
Queens,074,37,PS 78,48-09 Center Boulevard
Queens,075,37,IS 78 - Middle School,46-08 5 Street
Queens,076,37,Frank Sinatra HS,35-12 35 Avenue
Queens,077,37,IS 125-Thom J. McCann Woodside,46-02 47 Avenue
Queens,078,37,Hunter's Point Community Middle School,1-50 51 Avenue
Queens,079,37,Hunter's Point Community Middle School,1-50 51 Avenue
Queens,080,37,Information Technology H. S.,21-16 44 Road
Queens,081,37,PS 111 - Jacob Blackwell,37-15 13 Street
Queens,082,37,Queen of Angels Parish Center,43-18 Skillman Avenue
Queens,083,37,PS 199-Maurice A. Fitzgerald,39-20 48 Avenue
Queens,084,37,PS  71,62-85 Forest Avenue
Queens,085,37,PS 153-Maspeth Elem,60-02 60 Lane
Queens,086,37,Grover Clevland,21-27 Himrod Street
Queens,087,37,PS 305-Learners & Leaders,378 Seneca Avenue
Queens,088,37,PS 112-Dutch Kills,25-05 37 Avenue
Queens,001,38,PS 81-Jean Paul Richter,599 Cypress Avenue
Queens,002,38,PS 81-Jean Paul Richter,599 Cypress Avenue
Queens,003,38,PS 81-Jean Paul Richter,599 Cypress Avenue
Queens,004,38,PS 239,17-15 Weirfield Street
Queens,005,38,PS 239,17-15 Weirfield Street
Queens,006,38,PS 239,17-15 Weirfield Street
Queens,007,38,PS 239,17-15 Weirfield Street
Queens,008,38,Greater Ridgewood Youth Center,59-03 Summerfield St.
Queens,009,38,Greater Ridgewood Youth Center,59-03 Summerfield St.
Queens,010,38,Greater Ridgewood Youth Center,59-03 Summerfield St.
Queens,011,38,Christ Tabernacle Church,64-36 Myrtle Avenue
Queens,012,38,Christ Tabernacle Church,64-36 Myrtle Avenue
Queens,013,38,Christ Tabernacle Church,64-36 Myrtle Avenue
Queens,014,38,Christ Tabernacle Church,64-36 Myrtle Avenue
Queens,015,38,Christ Tabernacle Church,64-36 Myrtle Avenue
Queens,016,38,PS 91-Richard Arkwright,68-10 Central Avenue
Queens,017,38,PS 91-Richard Arkwright,68-10 Central Avenue
Queens,018,38,PS 91-Richard Arkwright,68-10 Central Avenue
Queens,019,38,PS 113-Isaac Chauncey,78-23 87 Street
Queens,020,38,High School for Construction Trades,94-06 104 Street
Queens,021,38,PS 97-Forest Park,85-52 85 Street
Queens,022,38,Forest Park Coop,83-55 Woodhaven Boulevard
Queens,023,38,PS 97-Forest Park,85-52 85 Street
Queens,024,38,PS 97-Forest Park,85-52 85 Street
Queens,025,38,PS 97-Forest Park,85-52 85 Street
Queens,026,38,PS 60-Woodhaven,91-02 88 Avenue
Queens,027,38,PS 64-Joseph P. Addabbo,82-01 101 Avenue
Queens,028,38,PS 91-Richard Arkwright,68-10 Central Avenue
Queens,029,38,PS 64-Joseph P. Addabbo,82-01 101 Avenue
Queens,030,38,PS 64-Joseph P. Addabbo,82-01 101 Avenue
Queens,031,38,PS 64-Joseph P. Addabbo,82-01 101 Avenue
Queens,032,38,PS 316 - Queens Explorers Elementary,90-07 101 Avenue
Queens,033,38,JHS 210-Elizabeth Blackwell,93-11 101 Avenue
Queens,034,38,PS 306-NYC Academy for Discovery,95-16 89 Avenue
Queens,035,38,JHS 210-Elizabeth Blackwell,93-11 101 Avenue
Queens,036,38,PS 62-Chester Park,97-25 108 Street
Queens,037,38,High School for Construction Trades,94-06 104 Street
Queens,038,38,PS 62-Chester Park,97-25 108 Street
Queens,039,38,PS 62-Chester Park,97-25 108 Street
Queens,040,38,Boys and Girls Club of Metro Queens,110-04 Atlantic Avenue
Queens,041,38,PS 62-Chester Park,97-25 108 Street
Queens,042,38,High School for Construction Trades,94-06 104 Street
Queens,043,38,High School for Construction Trades,94-06 104 Street
Queens,044,38,High School for Construction Trades,94-06 104 Street
Queens,045,38,PS 64-Joseph P. Addabbo,82-01 101 Avenue
Queens,046,38,High School for Construction Trades,94-06 104 Street
Queens,047,38,PS 254-Rosa Parks School,84-40 101 Street
Queens,048,38,PS 306-NYC Academy for Discovery,95-16 89 Avenue
Queens,049,38,PS 306-NYC Academy for Discovery,95-16 89 Avenue
Queens,050,38,PS 254-Rosa Parks School,84-40 101 Street
Queens,051,38,PS 97-Forest Park,85-52 85 Street
Queens,052,38,PS 97-Forest Park,85-52 85 Street
Queens,053,38,PS 97-Forest Park,85-52 85 Street
Queens,054,38,PS 97-Forest Park,85-52 85 Street
Queens,055,38,PS 60-Woodhaven,91-02 88 Avenue
Queens,056,38,PS 60-Woodhaven,91-02 88 Avenue
Queens,057,38,PS 60-Woodhaven,91-02 88 Avenue
Queens,058,38,PS 60-Woodhaven,91-02 88 Avenue
Queens,059,38,PS 306-NYC Academy for Discovery,95-16 89 Avenue
Queens,060,38,PS 97-Forest Park,85-52 85 Street
Queens,061,38,Forest Park Coop,83-55 Woodhaven Boulevard
Queens,062,38,PS 81-Jean Paul Richter,599 Cypress Avenue
Queens,063,38,PS 60-Woodhaven,91-02 88 Avenue
Queens,064,38,PS 81-Jean Paul Richter,599 Cypress Avenue
Queens,065,38,Greater Ridgewood Youth Center,59-03 Summerfield St.
Queens,066,38,Christ Tabernacle Church,64-36 Myrtle Avenue
Queens,067,38,Forest Park Coop,83-55 Woodhaven Boulevard
Queens,068,38,PS 60-Woodhaven,91-02 88 Avenue
Queens,069,38,Boys and Girls Club of Metro Queens,110-04 Atlantic Avenue
Queens,070,38,PS 62-Chester Park,97-25 108 Street
Queens,071,38,PS 306-NYC Academy for Discovery,95-16 89 Avenue
Queens,001,39,PS 16-Nancy DeBenedittis School,41-15 104 Street
Queens,002,39,Corona Arts and Sciences Academy,98-11 44 Avenue
Queens,003,39,St. Leo Catholic Academy,104-19 49 Avenue
Queens,004,39,VFW Post 150,51-11 108 Street
Queens,005,39,PS 14-Fairview,107-01 Otis Avenue
Queens,006,39,PS 14-Fairview,107-01 Otis Avenue
Queens,007,39,IS 61-Leonardo Da Vinci,98-50 50 Avenue
Queens,008,39,St. Leo Catholic Academy,104-19 49 Avenue
Queens,009,39,PS 16-Nancy DeBenedittis School,41-15 104 Street
Queens,010,39,IS 61-Leonardo Da Vinci,98-50 50 Avenue
Queens,011,39,Elmhurst Campus HS,45-10 94 Street
Queens,012,39,Elmhurst Campus HS,45-10 94 Street
Queens,013,39,Elmhurst Campus HS,45-10 94 Street
Queens,014,39,Elmhurst Campus HS,45-10 94 Street
Queens,015,39,PS 89-Elmhurst,85-28 Britton Avenue
Queens,016,39,PS 89-Elmhurst,85-28 Britton Avenue
Queens,017,39,PS 89-Elmhurst,85-28 Britton Avenue
Queens,018,39,PS 222-Christopher A.Santora School,86-15 37 Avenue
Queens,019,39,Renaissance Charter School,35-59 81 Street
Queens,020,39,Newtown HS,48-01 90 Street
Queens,021,39,Newtown HS,48-01 90 Street
Queens,022,39,PS 12-James B. Colgate,42-00 72 Street
Queens,023,39,PS 89-Elmhurst,85-28 Britton Avenue
Queens,024,39,PS 7-Louis F. Simeone,80-55 Cornish Avenue
Queens,025,39,Newtown HS,48-01 90 Street
Queens,026,39,PS 89-Elmhurst,85-28 Britton Avenue
Queens,027,39,PS 89-Elmhurst,85-28 Britton Avenue
Queens,028,39,PS 89-Elmhurst,85-28 Britton Avenue
Queens,029,39,PS 7-Louis F. Simeone,80-55 Cornish Avenue
Queens,030,39,PS 7-Louis F. Simeone,80-55 Cornish Avenue
Queens,031,39,PS 7-Louis F. Simeone,80-55 Cornish Avenue
Queens,032,39,PS 7-Louis F. Simeone,80-55 Cornish Avenue
Queens,033,39,PS 7-Louis F. Simeone,80-55 Cornish Avenue
Queens,034,39,PS 69-Jackson Heights,77-02 37 Avenue
Queens,035,39,IS 5-Walter Crowley Intermediate School,50-40 Jacobus Street
Queens,036,39,IS 5-Walter Crowley Intermediate School,50-40 Jacobus Street
Queens,037,39,PS 69-Jackson Heights,77-02 37 Avenue
Queens,038,39,PS 69-Jackson Heights,77-02 37 Avenue
Queens,039,39,PS 69-Jackson Heights,77-02 37 Avenue
Queens,040,39,PS 69-Jackson Heights,77-02 37 Avenue
Queens,041,39,PS 69-Jackson Heights,77-02 37 Avenue
Queens,042,39,PS 69-Jackson Heights,77-02 37 Avenue
Queens,043,39,PS 69-Jackson Heights,77-02 37 Avenue
Queens,044,39,Renaissance Charter School,35-59 81 Street
Queens,045,39,Renaissance Charter School,35-59 81 Street
Queens,046,39,Renaissance Charter School,35-59 81 Street
Queens,047,39,PS 69-Jackson Heights,77-02 37 Avenue
Queens,048,39,PS 69-Jackson Heights,77-02 37 Avenue
Queens,049,39,PS 69-Jackson Heights,77-02 37 Avenue
Queens,050,39,PS 69-Jackson Heights,77-02 37 Avenue
Queens,051,39,PS 69-Jackson Heights,77-02 37 Avenue
Queens,052,39,PS 16-Nancy DeBenedittis School,41-15 104 Street
Queens,053,39,IS 61-Leonardo Da Vinci,98-50 50 Avenue
Queens,054,39,Corona Arts and Sciences Academy,98-11 44 Avenue
Queens,055,39,PS 7-Louis F. Simeone,80-55 Cornish Avenue
Queens,056,39,Renaissance Charter School,35-59 81 Street
Queens,001,40,PS 184-Flushing Manor,163-15 21 Road
Queens,002,40,JHS 185-Edward Bleeker,147-26 25 Drive
Queens,003,40,JHS 185-Edward Bleeker,147-26 25 Drive
Queens,004,40,JHS 185-Edward Bleeker,147-26 25 Drive
Queens,005,40,PS 184-Flushing Manor,163-15 21 Road
Queens,006,40,PS 184-Flushing Manor,163-15 21 Road
Queens,007,40,JHS 185-Edward Bleeker,147-26 25 Drive
Queens,008,40,St Andrews Avellino School,35-50 158 Street
Queens,009,40,St Andrews Avellino School,35-50 158 Street
Queens,010,40,PS 184-Flushing Manor,163-15 21 Road
Queens,011,40,St Andrews Avellino School,35-50 158 Street
Queens,012,40,St Andrews Avellino School,35-50 158 Street
Queens,013,40,JHS 185-Edward Bleeker,147-26 25 Drive
Queens,014,40,JHS 185-Edward Bleeker,147-26 25 Drive
Queens,015,40,JHS 185-Edward Bleeker,147-26 25 Drive
Queens,016,40,PS 214-Cadwallader Colden,31-15 140 Street
Queens,017,40,JHS 185-Edward Bleeker,147-26 25 Drive
Queens,018,40,PS 214-Cadwallader Colden,31-15 140 Street
Queens,019,40,PS 214-Cadwallader Colden,31-15 140 Street
Queens,020,40,St Andrews Avellino School,35-50 158 Street
Queens,021,40,Taiwan Center,137-44 Northern Boulevard
Queens,022,40,Flushing House Resident Adult,38-20 Bowne Street
Queens,023,40,JHS 189-Daniel Carter Beard,144-80 Barclay Avenue
Queens,024,40,JHS 189-Daniel Carter Beard,144-80 Barclay Avenue
Queens,025,40,Flushing House Resident Adult,38-20 Bowne Street
Queens,026,40,PS 22-Thomas Jefferson,153-33 Sanford Avenue
Queens,027,40,PS 22-Thomas Jefferson,153-33 Sanford Avenue
Queens,028,40,Mary's Nativity Church,46-02 Parsons Boulevard
Queens,029,40,Mary's Nativity Church,46-02 Parsons Boulevard
Queens,030,40,Mary's Nativity Church,46-02 Parsons Boulevard
Queens,031,40,JHS 189-Daniel Carter Beard,144-80 Barclay Avenue
Queens,032,40,PS 20-John Bowne,142-30 Barclay Avenue
Queens,033,40,PS 20-John Bowne,142-30 Barclay Avenue
Queens,034,40,PS 20-John Bowne,142-30 Barclay Avenue
Queens,035,40,PS 244-Active Learning Elementary School,137-20 Franklin Avenue
Queens,036,40,PS 244-Active Learning Elementary School,137-20 Franklin Avenue
Queens,037,40,JHS 189-Daniel Carter Beard,144-80 Barclay Avenue
Queens,038,40,JHS 189-Daniel Carter Beard,144-80 Barclay Avenue
Queens,039,40,PS 20-John Bowne,142-30 Barclay Avenue
Queens,040,40,PS 20-John Bowne,142-30 Barclay Avenue
Queens,041,40,PS 20-John Bowne,142-30 Barclay Avenue
Queens,042,40,PS 20-John Bowne,142-30 Barclay Avenue
Queens,043,40,PS 244-Active Learning Elementary School,137-20 Franklin Avenue
Queens,044,40,PS 244-Active Learning Elementary School,137-20 Franklin Avenue
Queens,045,40,Bland Community Center,133-36 Roosevelt Avenue
Queens,046,40,Bland Community Center,133-36 Roosevelt Avenue
Queens,047,40,PS 214-Cadwallader Colden,31-15 140 Street
Queens,048,40,PS 214-Cadwallader Colden,31-15 140 Street
Queens,049,40,PS 214-Cadwallader Colden,31-15 140 Street
Queens,050,40,PS 214-Cadwallader Colden,31-15 140 Street
Queens,051,40,Bland Community Center,133-36 Roosevelt Avenue
Queens,052,40,Taiwan Center,137-44 Northern Boulevard
Queens,053,40,PS 22-Thomas Jefferson,153-33 Sanford Avenue
Queens,054,40,Bland Community Center,133-36 Roosevelt Avenue
Queens,055,40,Bland Community Center,133-36 Roosevelt Avenue
Queens,056,40,PS 22-Thomas Jefferson,153-33 Sanford Avenue
Queens,057,40,Mary's Nativity Church,46-02 Parsons Boulevard
Queens,058,40,PS 20-John Bowne,142-30 Barclay Avenue
Queens,059,40,PS 20-John Bowne,142-30 Barclay Avenue
Queens,060,40,PS 214-Cadwallader Colden,31-15 140 Street
